<configs>

	<append xpath="/items">

		<item name="masonryBook_TRW">
			<property name="Extends" value="schematicNoQualityMaster"/>
			<property name="CustomIcon" value="masonryBook"/>
			<property name="CreativeMode" value="Player"/>
			<property name="DescriptionKey" value="masonryBookDesc"/>
			<!--<property name="UnlockedBy" value="masonryBook_TRW"/>-->
			<property name="Unlocks" value="concreteBarrier1,securityGatePlate,cntBathTubEmpty,birdBathPlanter"/>
			<effect_group tiered="false">
				<triggered_effect trigger="onSelfPrimaryActionEnd" action="ModifyCVar" cvar="concreteBarrier1" operation="set" value="1"/>
				<triggered_effect trigger="onSelfPrimaryActionEnd" action="ModifyCVar" cvar="securityGatePlate" operation="set" value="1"/>
				<triggered_effect trigger="onSelfPrimaryActionEnd" action="ModifyCVar" cvar="cntBathTubEmpty" operation="set" value="1"/>
				<triggered_effect trigger="onSelfPrimaryActionEnd" action="ModifyCVar" cvar="birdBathPlanter" operation="set" value="1"/>
				<triggered_effect trigger="onSelfPrimaryActionEnd" action="GiveExp" exp="50"/>
			</effect_group>			
			<property name="Group" value="Books" />
		</item>
		
	</append>
	
</configs>