<configs>

	<append xpath="/items">

		<item name="drinkJarIcedPureMineralWater">
			<property name="HoldType" value="3"/>
			<property name="DisplayType" value="waterGoldenrodRedTea"/>
			<property name="Meshfile" value="#Other/Items?Food/bottled_waterPrefab.prefab"/>
			<property name="DropMeshfile" value="#Other/Items?Misc/sack_droppedPrefab.prefab"/>
			<property name="Material" value="Mglass"/>
			<property name="Stacknumber" value="10"/> <!-- STK drink -->
			<property name="Weight" value="10"/>
			<property name="EconomicValue" value="100"/>
			<property name="CraftingIngredientTime" value="15"/>
			<property name="UnlockedBy" value="perkWasteTreasuresWater"/>
			<property class="Action0">
				<property name="Class" value="Eat"/>
				<property name="Delay" value="1"/>
				<property name="Use_time" value="..."/>
				<property name="Sound_start" value="player_drinking"/>
				<property name="Create_item" value="drinkJarEmpty"/>
			</property>
			<property name="Group" value="Food/Cooking,CFDrink/Cooking"/>

			<effect_group tiered="false" name="Drink Tier Found">
				<requirement name="NotHasBuff" buff="buffIsOnFire"/>
					<triggered_effect trigger="onSelfPrimaryActionEnd" action="ModifyCVar" cvar="$waterAmountAdd" operation="add" value="60"/>
					<display_value name="dStaminaRegen" value=".15"/>
					<display_value name="dEfficientDigestion" value=".15"/>
					<display_value name="dDuration" value="300"/>
					<triggered_effect trigger="onSelfPrimaryActionEnd" action="ModifyCVar" cvar="$buffRedTeaDuration" operation="add" value="303"/>
					<triggered_effect trigger="onSelfPrimaryActionEnd" action="ModifyCVar" cvar="$buffRedTeaDuration" operation="set" value="903">
						<requirement name="CVarCompare" cvar="$buffRedTeaDuration" operation="GT" value="903"/></triggered_effect>
					<triggered_effect trigger="onSelfPrimaryActionEnd" action="AddBuff" buff="buffProcessConsumables,buffRedTea"/>

					<display_value name="dCureDysentery" value=".2"/>
					<triggered_effect trigger="onSelfPrimaryActionEnd" action="ModifyCVar" cvar="$buffDysenteryAddCurePerc" operation="add" value="20"/>
					<triggered_effect trigger="onSelfPrimaryActionEnd" action="AddBuff" buff="buffDysenteryAddCure"/>
			</effect_group>

			<effect_group tiered="false">
				<requirement name="HasBuff" buff="buffIsOnFire"/>
					<triggered_effect trigger="onSelfPrimaryActionEnd" action="AddBuff" buff="buffExtinguishFire"/>
			</effect_group>
		</item>

		<item name="drinkJarIcedYuccaJuice">
			<property name="HoldType" value="3"/>
			<property name="DisplayType" value="water"/>
			<property name="Meshfile" value="#Other/Items?Food/bottled_waterPrefab.prefab"/>
			<property name="DropMeshfile" value="#Other/Items?Misc/sack_droppedPrefab.prefab"/>
			<property name="Material" value="Mglass"/>
			<property name="Stacknumber" value="10"/> <!-- STK drink -->
			<property name="Weight" value="10"/>
			<property name="EconomicValue" value="68"/>
			<property class="Action0">
				<property name="Class" value="Eat"/>
				<property name="Delay" value="1.0"/>
				<property name="Use_time" value="..."/>
				<property name="Sound_start" value="player_drinking"/>
				<property name="Create_item" value="drinkJarEmpty"/>
			</property>
			<property name="Group" value="Food/Cooking,CFDrink/Cooking"/>
			<effect_group tiered="false" name="Drink Tier 0/1">
				<requirement name="NotHasBuff" buff="buffIsOnFire"/>
					<triggered_effect trigger="onSelfPrimaryActionEnd" action="ModifyCVar" cvar="$waterAmountAdd" operation="add" value="34"/>
					<display_value name="dStaminaRegen" value=".15"/>
					<triggered_effect trigger="onSelfPrimaryActionEnd" action="AddBuff" buff="buffProcessConsumables"/>
			</effect_group>

			<effect_group tiered="false">
				<requirement name="HasBuff" buff="buffIsOnFire"/>
					<triggered_effect trigger="onSelfPrimaryActionEnd" action="AddBuff" buff="buffExtinguishFire"/>
			</effect_group>
		</item>

		<item name="drinkJarIcedGoldenRodTea">
			<property name="HoldType" value="3"/>
			<property name="DisplayType" value="waterGoldenrod"/>
			<property name="Meshfile" value="#Other/Items?Food/bottled_waterPrefab.prefab"/>
			<property name="DropMeshfile" value="#Other/Items?Misc/sack_droppedPrefab.prefab"/>
			<property name="Material" value="Mglass"/>
			<property name="Weight" value="10"/>
			<property name="Stacknumber" value="10"/> <!-- STK drink -->
			<property name="EconomicValue" value="48"/>
			<property name="UnlockedBy" value="perkMasterChef,drinkJarGoldenRodTeaSchematic"/>
			<property class="Action0">
				<property name="Class" value="Eat"/>
				<property name="Delay" value="1.0"/>
				<property name="Use_time" value="..."/>
				<property name="Sound_start" value="player_drinking"/>
				<property name="Create_item" value="drinkJarEmpty"/>
			</property>
			<property name="Group" value="Food/Cooking,CFDrink/Cooking"/>

			<effect_group tiered="false" name="Drink Tier 1">
				<requirement name="NotHasBuff" buff="buffIsOnFire"/>
					<triggered_effect trigger="onSelfPrimaryActionEnd" action="ModifyCVar" cvar="$waterAmountAdd" operation="add" value="24"/>
					<display_value name="dStaminaRegen" value=".15"/>
					<triggered_effect trigger="onSelfPrimaryActionEnd" action="AddBuff" buff="buffProcessConsumables"/>

					<display_value name="dCureDysentery" value=".2"/>
					<triggered_effect trigger="onSelfPrimaryActionEnd" action="ModifyCVar" cvar="$buffDysenteryAddCurePerc" operation="add" value="20"/>
					<triggered_effect trigger="onSelfPrimaryActionEnd" action="AddBuff" buff="buffDysenteryAddCure"/>
			</effect_group>

			<effect_group tiered="false">
				<requirement name="HasBuff" buff="buffIsOnFire"/>
					<triggered_effect trigger="onSelfPrimaryActionEnd" action="AddBuff" buff="buffExtinguishFire"/>
			</effect_group>
		</item>

		<item name="drinkJarIcedRedTea">
			<property name="HoldType" value="3"/>
			<property name="DisplayType" value="waterRedTea"/>
			<property name="Meshfile" value="#Other/Items?Food/bottled_waterPrefab.prefab"/>
			<property name="DropMeshfile" value="#Other/Items?Misc/sack_droppedPrefab.prefab"/>
			<property name="Material" value="Mglass"/>
			<property name="Weight" value="10"/>
			<property name="Stacknumber" value="10"/> <!-- STK drink -->
			<property name="EconomicValue" value="48"/>
			<property name="UnlockedBy" value="perkMasterChef,drinkJarRedTeaSchematic"/>
			<property class="Action0">
				<property name="Class" value="Eat"/>
				<property name="Delay" value="1.0"/>
				<property name="Use_time" value="..."/>
				<property name="Sound_start" value="player_drinking"/>
				<property name="Create_item" value="drinkJarEmpty"/>
			</property>
			<property name="Group" value="Food/Cooking,CFDrink/Cooking"/>

			<effect_group tiered="false" name="Drink Tier 1">
				<requirement name="NotHasBuff" buff="buffIsOnFire"/>
					<triggered_effect trigger="onSelfPrimaryActionEnd" action="ModifyCVar" cvar="$waterAmountAdd" operation="add" value="24"/>
					<display_value name="dStaminaRegen" value=".15"/>
					<display_value name="dEfficientDigestion" value=".15"/>
					<display_value name="dDuration" value="240"/>
					<triggered_effect trigger="onSelfPrimaryActionEnd" action="ModifyCVar" cvar="$buffRedTeaDuration" operation="add" value="243"/>
					<triggered_effect trigger="onSelfPrimaryActionEnd" action="ModifyCVar" cvar="$buffRedTeaDuration" operation="set" value="723">
						<requirement name="CVarCompare" cvar="$buffRedTeaDuration" operation="GT" value="723"/></triggered_effect>
					<triggered_effect trigger="onSelfPrimaryActionEnd" action="AddBuff" buff="buffProcessConsumables,buffRedTea"/>
			</effect_group>

			<effect_group tiered="false">
				<requirement name="HasBuff" buff="buffIsOnFire"/>
					<triggered_effect trigger="onSelfPrimaryActionEnd" action="AddBuff" buff="buffExtinguishFire"/>
			</effect_group>
		</item>

		<item name="drinkJarIcedCoffee">
			<property name="HoldType" value="3"/>
			<property name="DisplayType" value="waterCoffee"/>
			<property name="Meshfile" value="#Other/Items?Food/bottled_waterPrefab.prefab"/>
			<property name="DropMeshfile" value="#Other/Items?Misc/sack_droppedPrefab.prefab"/>
			<property name="Material" value="Mglass"/>
			<property name="Weight" value="10"/>
			<property name="Stacknumber" value="10"/> <!-- STK drink -->
			<property name="EconomicValue" value="96"/>
			<property name="UnlockedBy" value="perkMasterChef,drinkJarCoffeeSchematic"/>
			<property class="Action0">
				<property name="Class" value="Eat"/>
				<property name="Delay" value="1.0"/>
				<property name="Use_time" value="..."/>
				<property name="Sound_start" value="player_drinking"/>
				<property name="Create_item" value="drinkJarEmpty"/>
			</property>
			<property name="Group" value="Food/Cooking,CFDrink/Cooking"/>
			<effect_group tiered="false" name="Drink Tier 1">
				<requirement name="NotHasBuff" buff="buffIsOnFire"/>
				<triggered_effect trigger="onSelfPrimaryActionEnd" action="ModifyCVar" cvar="$waterAmountAdd" operation="add" value="24"/>
				<display_value name="dStaminaRegen" value=".2"/>
				<display_value name="dHypothermalResist" value="5"/>
				<display_value name="dDuration" value="180"/>
				<triggered_effect trigger="onSelfPrimaryActionEnd" action="ModifyCVar" cvar="$buffCoffeeDuration" operation="add" value="183"/>
				<triggered_effect trigger="onSelfPrimaryActionEnd" action="ModifyCVar" cvar="$buffCoffeeDuration" operation="set" value="543">
					<requirement name="CVarCompare" cvar="$buffCoffeeDuration" operation="GT" value="543"/></triggered_effect>
				<triggered_effect trigger="onSelfPrimaryActionEnd" action="AddBuff" buff="buffProcessConsumables,buffCoffee"/>
			</effect_group>

			<effect_group tiered="false">
				<requirement name="HasBuff" buff="buffIsOnFire"/>
					<triggered_effect trigger="onSelfPrimaryActionEnd" action="AddBuff" buff="buffExtinguishFire"/>
			</effect_group>
		</item>

	</append>
	
</configs>