<configs>
	
	<append xpath="/items">
	
		<item name="humanTurd_TRW">
			<property name="HoldType" value="40"/>
			<property name="CustomIcon" value="humanTurd"/>
			<property name="CreativeMode" value="Player"/>
			<property name="DescriptionKey" value="humanTurdDesc"/>
			<property name="Meshfile" value="#Other/Items?Misc/snowballPrefab.prefab"/>
			<property name="HandMeshfile" value="#Other/Items?Misc/snowball_FP_Prefab.prefab"/>
			<property name="DropMeshfile" value="#Other/Items?Misc/snowballPrefab.prefab"/>
			<!-- <property name="DropMeshfile" value="#Other/Items?Misc/sack_droppedPrefab.prefab"/> -->
			<property name="DropScale" value="1.5"/>
			<property name="Material" value="MresourceSnowBall"/>
			<property name="Weight" value="5"/>
			<property name="TintColor" value="93,64,55"/>
			<property name="Stacknumber" value="250"/> <!-- STK resource -->
			<property name="EconomicValue" value="5"/>
			<property name="EconomicBundleSize" value="150"/>
			<property name="SellableToTrader" value="false"/>
			<property class="Action0">
				<property name="Class" value="ThrowAway"/>
				<property name="Delay" value="1.2"/> <!-- obsolete if rounds per minute exists -->
				<property name="Throw_strength_default" value="10"/>
				<property name="Throw_strength_max" value="35"/>
				<property name="Max_strain_time" value="1.25"/>
				<property name="Sound_start" value="swoosh"/>
			</property>
			<property name="ThrowableDecoy" value="true"/>
			<property name="DistractionTags" value="zombie,requires_contact"/>
			<effect_group name="decoy" tiered="false">
				<passive_effect name="DistractionRadius" operation="base_set" value="15"/>
				<passive_effect name="DistractionLifetime" operation="base_set" value="1"/>
				<passive_effect name="DistractionStrength" operation="base_set" value="80"/>
			</effect_group>
			<property name="Group" value="Resources"/>
		</item>

		<item name="toiletPaper_TRW"> <!-- scrap material -->
			<property name="HoldType" value="45"/>
			<property name="Tags" value="junk"/>
			<property name="CustomIcon" value="toiletPaper"/>
			<property name="CreativeMode" value="Player"/>
			<property name="DescriptionKey" value="toiletPaperDesc"/>
			<property name="Meshfile" value="#Other/Items?Misc/sackPrefab.prefab"/>
			<property name="DropMeshfile" value="#Other/Items?Misc/sack_droppedPrefab.prefab"/>
			<property name="Material" value="MresourcePaper"/>
			<property name="Stacknumber" value="500"/> <!-- STK resource -->
			<property name="FuelValue" value="1"/>
			<property name="Weight" value="10"/>
			<property name="EconomicValue" value="10"/>
			<property name="EconomicBundleSize" value="10"/>
			<property name="Group" value="Resources,Chemicals,CFChemicals"/>
		</item>
		
	</append>
	
</configs>