<configs>

	<append xpath="/ui_display_info/crafting_category_display">

		<crafting_category_list display_type="toilet01_TRW">
			<crafting_category name="" icon="ui_game_symbol_Toilet" display_name="lblCategoryToilet" />
		</crafting_category_list>
		
		<crafting_category_list display_type="toilet02_TRW">
			<crafting_category name="" icon="ui_game_symbol_Toilet" display_name="lblCategoryToilet" />
		</crafting_category_list>
		
		<crafting_category_list display_type="toilet03_TRW">
			<crafting_category name="" icon="ui_game_symbol_Toilet" display_name="lblCategoryToilet" />
		</crafting_category_list>
	
	</append>
	
</configs>	
