<configs>
	
	<append xpath="/entity_classes">
		
		<entity_class name="dummyChicken">
			<property name="Tags" value="vehicle"/>
			<property name="Prefab" value="/Entities/Animals/CHICKEN/chickenPrefab"/>
			<property name="Class" value="EntityAnimalRabbit"/>
			<property name="Parent" value="Animals"/>
			<property name="IsEntityAnimal" value="false"/>
			<property name="IsEnemyEntity" value="false"/><!-- Set this if you want this entity to be spawned when user chooses 'enemy entities off' -->
			<property name="Faction" value="none"/>
			<property name="AvatarController" value="GameObjectAnimalAnimation"/>
			<property name="RotateToGround" value="true"/>
			<property name="PhysicsBody" value="chicken"/>
			<property name="Mass" value="12"/>
			<property name="Weight" value="10"/>
			<property name="SurfaceCategory" value="organic"/>
			<property name="ParticleOnDeath" value="blood_death"/>
			<property name="SoundHurt" value="Animals/Chicken/chickenpain"/>
			<property name="SoundDeath" value="Animals/Chicken/chickendeath"/>
			<property name="SwimOffset" value="2"/>
			<property name="HasRagdoll" value="false"/>
			<property name="HasDeathAnim" value="false"/>
			
			<property name="AITask-1" value="Look"/>

			<!-- Stealth settings -->
			<property name="MaxViewAngle" value="180"/>
			<property name="SightRange" value="30"/> <!-- distance in m -->
			<property name="SightLightThreshold" value="-2,150"/>

			<property name="SleeperWakeupSightDetectionMin" value="-40,5"/> <!-- Indiv.Random. sight capability - "I see you" light value at point blank -->
			<property name="SleeperWakeupSightDetectionMax" value="340,480"/> <!-- Indiv.Random. "I see you" light value at "SightRange" -->
			<property name="SleeperSenseSightDetectionMin" value="-10,0"/> <!-- same for groaning, not waking -->
			<property name="SleeperSenseSightDetectionMax" value="200,300"/>

			<property name="SleeperNoiseSenseThreshold" value="3,8"/> <!-- Indiv.Random. hearing capability - "I hear something" noise value -->
			<property name="SleeperNoiseWakeThreshold" value="9,12"/>

			<property name="SleeperSmellSenseThreshold" value="20,50"/> <!-- Indiv.Random. smell capability - "I smell something" player smell value -->
			<property name="SoundSleeperSenseChance" value=".5"/> <!-- the chance to play "SoundSleeperSense" when "SleeperSmellSenseThreshold" is triggered -->

			<!-- Gameplay -->
			<property name="MaxTurnSpeed" value="450"/>
			<property name="MoveSpeed" value="0"/>
			<property name="MoveSpeedPanic" value="0"/>
			<property name="CanClimbLadders" value="false"/>

			<property name="ExperienceGain" value="173"/>
			<!-- <property name="CorpseBlock" value="goreBlockAnimal"/><property name="CorpseBlockChance" value="0"/> -->
			<property name="TimeStayAfterDeath" value="300"/>
			<property name="DeadBodyHitPoints" value="175"/>
			<drop event="Harvest" name="foodRawChickenMeat_TRW" count="0" tool_category="Butcher"/>
			<drop event="Harvest" name="foodRawChickenMeat_TRW" tag="butcherHarvest" count="1"/> <!-- animalChicken -->
			<!--<drop event="Harvest" name="resourceFeather" tag="butcherHarvest" count="23"/>-->

			<effect_group name="Base Effects">
				<passive_effect name="JumpStrength" operation="base_set" value="0"/>
				<passive_effect name="HealthMax" operation="base_set" value="10"/>
				<passive_effect name="HealthMax" operation="perc_add" value="0"/> <!-- Animal HP scale -->
			</effect_group>
		</entity_class>
		
	</append>
	
</configs>