<configs>

	<append xpath="/blocks">

		<block name="electricmicrowave_TRW">
			<property name="Class" value="Campfire"/>
			<property name="DisplayType" value="blockElectrical"/>
			<property name="StabilitySupport" value="false"/> <!-- build restriction -->
			<property name="Material" value="MmetalNoGlue"/>
			<property name="CustomIcon" value="electricMicrowave"/>
			<property name="MaxDamage" value="100"/>
			<property name="Shape" value="ModelEntity"/>
			<property name="Model" value="#Entities/LootContainers?microwaveElectricModern_02Prefab.prefab"/>
			<property name="Place" value="TowardsPlacer90"/>
			<property name="Stacknumber" value="1"/>
			<property name="UnlockedBy" value="perkAdvancedEngineering"/>
			<property class="Workstation">
				<property name="Modules" value="output,input"/>
				<property name="Collide" value="melee,bullet,arrow,rocket"/>
				<property name="CraftingAreaRecipes" value="microwave"/>
			</property>
			<property name="WorkstationWindow" value="workstation_microwave" />
			<property name="WorkstationIcon" value="ui_game_symbol_Microwave" />
			<property name="CraftActionName" value="lblContextActionCook" />
			<property name="CraftIcon" value="ui_game_symbol_spatula" />
			<property name="OpenSound" value="open_workbench" />
			<property name="CloseSound" value="close_workbench" />
			<property name="CraftSound" value="campfire_cook_click" />
			<property name="CraftCompleteSound" value="campfire_complete_item" />
			<property name="WorkstationJournalTip" value="campfireTip" />
			<property name="Group" value="Food/Cooking,Basics,Building"/>
			<drop event="Harvest" name="terrStone" count="0" tool_category="Disassemble"/>
			<drop event="Harvest" name="resourceMechanicalParts" count="0,1" prob="0.1" tag="salvageHarvest"/>
			<drop event="Harvest" name="resourceElectricParts" count="1,3" tag="salvageHarvest"/>
			<drop event="Harvest" name="resourceElectricParts" count="0,2" tag="salvageHarvest"/>
			<drop event="Harvest" name="resourceScrapPolymers" count="0,2" tag="salvageHarvest"/>
			<drop event="Destroy" name="resourceScrapIron" count="5" prob="1"/>
			<drop event="Fall" name="scrapMetalPile" count="1" prob="0.75" stick_chance="1"/>
			<property name="EconomicValue" value="300"/>
			<property name="FilterTags" value="fdecor,fother,ffurniture,felectrical"/>
			<property name="DescriptionKey" value="electricmicrowaveDesc"/>
		</block>

	</append>
	
</configs>