<configs>

	<append xpath="/item_modifiers">

		<item_modifier name="modArmorHelmetNightvision_TRW" installable_tags="head" blocked_tags="clothing" modifier_tags="misc,modArmorHelmetLight" type="attachment">
			<property name="CustomIcon" value="modArmorHelmetNightvision"/>
			<property name="UnlockedBy" value="perkFromTheShadows"/>
			<property name="DescriptionKey" value="modArmorHelmetNightvisionDesc"/>
			<property name="Stacknumber" value="1"/> <property name="Group" value="Mods"/>
			<property name="DropMeshfile" value="#Other/Items?Misc/sack_droppedPrefab.prefab"/>
			<property name="Material" value="Msteel"/>
			<effect_group tiered="false">
				<requirement name="IsLocalPlayer"/>
					<triggered_effect trigger="onSelfItemActivate" action="ModifyScreenEffect" effect_name="NightVision" intensity="1" fade="0"/>
					<triggered_effect trigger="onSelfItemDeactivate" action="ModifyScreenEffect" effect_name="NightVision" intensity="0" fade="0"/>
					<triggered_effect trigger="onSelfEquipStop" action="ModifyScreenEffect" effect_name="NightVision" intensity="0" fade="0"/>

					<triggered_effect trigger="onSelfEquipStart" action="AddPart" part="HeadLightTPV" prefab="ScreenEffects/DeferredNV/NVGLight" parentTransform="Spotlight" localPos="0,0,0" localRot="90,0,0"/>
					<triggered_effect trigger="onSelfEquipStart" action="AddPart" part="HeadLightFPV" prefab="ScreenEffects/DeferredNV/NVGLight" parentTransform="CameraNode" localPos="0,0,.1" localRot="-90,0,0"/>
					<triggered_effect trigger="onSelfEquipStop" action="RemovePart" part="HeadLightTPV"/>
					<triggered_effect trigger="onSelfEquipStop" action="RemovePart" part="HeadLightFPV"/>
					<triggered_effect trigger="onSelfItemActivate" action="SetPartActive" part="HeadLightTPV" active="@!.IsFPV"/>
					<triggered_effect trigger="onSelfItemActivate" action="SetPartActive" part="HeadLightFPV" active="@.IsFPV"/>
					<triggered_effect trigger="onSelfItemDeactivate" action="SetPartActive" part="HeadLightTPV" active="false"/>
					<triggered_effect trigger="onSelfItemDeactivate" action="SetPartActive" part="HeadLightFPV" active="false"/>
					<triggered_effect trigger="onSelfChangedView" action="SetPartActive" part="HeadLightTPV" active="@!.IsFPV"/>
					<triggered_effect trigger="onSelfChangedView" action="SetPartActive" part="HeadLightFPV" active="@.IsFPV"/>
			</effect_group>
		</item_modifier>

		
		
	</append>
	
</configs>
	