<configs>
		
		
		<append xpath="/windows">
				
			<window name="HUDToolbetNumbers" depth="13" width="603" height="22" pos="-361,87" anchor="CenterBottom" controller="ToolbeltWindow" visible="{toolbeltvisible}">		
				<label name="slot1" pos="22,0" width="22" height="22" text="  1" font_size="20" justify="center" effect="outline" />
				<label name="slot2" pos="97,0" width="22" height="22" text="  2" font_size="20" justify="center" effect="outline" />
				<label name="slot3" pos="172,0" width="22" height="22" text="  3" font_size="20" justify="center" effect="outline" />
				<label name="slot4" pos="247,0" width="22" height="22" text="  4" font_size="20" justify="center" effect="outline" />
				<label name="slot5" pos="322,0" width="22" height="22" text="  5" font_size="20" justify="center" effect="outline" />
				<label name="slot6" pos="397,0" width="22" height="22" text="  6" font_size="20" justify="center" effect="outline" />
				<label name="slot7" pos="472,0" width="22" height="22" text="  7" font_size="20" justify="center" effect="outline" />
				<label name="slot8" pos="547,0" width="22" height="22" text="  8" font_size="20" justify="center" effect="outline" />
				<label name="slot9" pos="622,0" width="22" height="22" text="  9" font_size="20" justify="center" effect="outline" />
				<label name="slot10" pos="697,0" width="22" height="22" text="  0" font_size="20" justify="center" effect="outline" />
			</window>
			
		</append>
		

</configs>	