<configs>
	
	<append xpath="/recipes">
		
		<recipe name="composter_TRW" count="1" craft_area="workbench" tags="learnable,workbenchCrafting">
			<ingredient name="resourceForgedIron" count="40"/>
			<ingredient name="resourceMechanicalParts" count="10"/>
		</recipe>
		
		<recipe name="terrDirt" count="1" craft_area="composter" craft_time="15">
			<ingredient name="resourceClayLump" count="10"/>
		</recipe>
		
		<recipe name="terrTopSoil" count="1" craft_area="composter" craft_time="15">
			<ingredient name="resourceClayLump" count="10"/>
		</recipe>
		
		<recipe name="foodRottingFlesh" count="1" craft_area="composter" craft_time="15">
			<ingredient name="foodRawMeat" count="1"/>
		</recipe>
		
		<recipe name="resourceFertilizer_TRW" count="5" craft_area="composter" craft_time="30">
			<ingredient name="foodRottingFlesh" count="1"/>
			<ingredient name="resourceYuccaFibers" count="1"/>
			<ingredient name="resourceClayLump" count="5"/>
		</recipe>
				
		<recipe name="plantedtreeGrassSeed1" count="1" craft_area="composter" craft_time="15">
			<ingredient name="resourceYuccaFibers" count="1"/>
			<ingredient name="resourceFertilizer_TRW" count="1"/>
			<ingredient name="resourceClayLump" count="1"/>
		</recipe>
		
		<recipe name="plantedAloe1" count="1" craft_area="composter" craft_time="15" tags="learnable">
			<ingredient name="resourceCropAloeLeaf" count="1"/>
			<ingredient name="resourceFertilizer_TRW" count="1"/>
			<ingredient name="resourceClayLump" count="1"/>
		</recipe>

		<recipe name="plantedBlueberry1" count="1" craft_area="composter"  craft_time="15" tags="learnable">
			<ingredient name="foodCropBlueberries" count="1"/>
			<ingredient name="resourceFertilizer_TRW" count="1"/>
			<ingredient name="resourceClayLump" count="1"/>
		</recipe>

		<recipe name="plantedChrysanthemum1" count="1" craft_area="composter" craft_time="15" tags="learnable">
			<ingredient name="resourceCropChrysanthemumPlant" count="1"/>
			<ingredient name="resourceFertilizer_TRW" count="1"/>
			<ingredient name="resourceClayLump" count="1"/>
		</recipe>

		<recipe name="plantedCoffee1" count="1" craft_area="composter" craft_time="15" tags="learnable">
			<ingredient name="resourceCropCoffeeBeans" count="1"/>
			<ingredient name="resourceFertilizer_TRW" count="1"/>
			<ingredient name="resourceClayLump" count="1"/>
		</recipe>

		<recipe name="plantedCorn1" count="1" craft_area="composter" craft_time="15" tags="learnable">
			<ingredient name="foodCropCorn" count="1"/>
			<ingredient name="resourceFertilizer_TRW" count="1"/>
			<ingredient name="resourceClayLump" count="1"/>
		</recipe>

		<recipe name="plantedCotton1" count="1" craft_area="composter" craft_time="15" tags="learnable">
			<ingredient name="resourceCropCottonPlant" count="1"/>
			<ingredient name="resourceFertilizer_TRW" count="1"/>
			<ingredient name="resourceClayLump" count="1"/>
		</recipe>

		<recipe name="plantedGoldenrod1" count="1" craft_area="composter" craft_time="15" tags="learnable">
			<ingredient name="resourceCropGoldenrodPlant" count="1"/>
			<ingredient name="resourceFertilizer_TRW" count="1"/>
			<ingredient name="resourceClayLump" count="1"/>
		</recipe>

		<recipe name="plantedGraceCorn1" count="1" craft_area="composter" craft_time="15" tags="learnable">
			<ingredient name="foodCropGraceCorn" count="1"/>
			<ingredient name="resourceFertilizer_TRW" count="1"/>
			<ingredient name="resourceClayLump" count="1"/>
		</recipe>

		<recipe name="plantedHop1" count="1" craft_area="composter" craft_time="15" tags="learnable">
			<ingredient name="resourceCropHopsFlower" count="1"/>
			<ingredient name="resourceFertilizer_TRW" count="1"/>
			<ingredient name="resourceClayLump" count="1"/>
		</recipe>

		<recipe name="plantedMushroom1" count="1" craft_area="composter" craft_time="15" tags="learnable">
			<ingredient name="foodCropMushrooms" count="1"/>
			<ingredient name="resourceFertilizer_TRW" count="1"/>
			<ingredient name="resourceClayLump" count="1"/>
		</recipe>

		<recipe name="plantedPotato1" count="1" craft_area="composter" craft_time="15" tags="learnable">
			<ingredient name="foodCropPotato" count="1"/>
			<ingredient name="resourceFertilizer_TRW" count="1"/>
			<ingredient name="resourceClayLump" count="1"/>
		</recipe>

		<recipe name="plantedYucca1" count="1" craft_area="composter" craft_time="15" tags="learnable">
			<ingredient name="foodCropYuccaFruit" count="1"/>
			<ingredient name="resourceFertilizer_TRW" count="1"/>
			<ingredient name="resourceClayLump" count="1"/>
		</recipe>

		<recipe name="plantedPumpkin1" count="1" craft_area="composter" craft_time="15" tags="learnable">
			<ingredient name="foodCropPumpkin" count="1"/>
			<ingredient name="resourceFertilizer_TRW" count="1"/>
			<ingredient name="resourceClayLump" count="1"/>
		</recipe>

		<recipe name="resourceYuccaFibers" count="30" craft_area="composter" craft_time="30">
			<ingredient name="resourceCropChrysanthemumPlant" count="10"/>	
		</recipe>

		<recipe name="resourceYuccaFibers" count="30" craft_area="composter" craft_time="30">
			<ingredient name="resourceCropGoldenrodPlant" count="10"/>	
		</recipe>
		
		<recipe name="resourceYuccaFibers" count="30" craft_area="composter" craft_time="30">
			<ingredient name="resourceCropCottonPlant" count="10"/>	
		</recipe>
		
	</append>
	
</configs>