<configs>

	<append xpath="/blocks">

		<block name="slotMachine_TRW">
			<property name="CreativeMode" value="Player"/>
			<property name="CustomIcon" value="slotMachine" />
			<property name="Class" value="Loot" />
			<property name="LootList" value="groupSlotmachine" />
			<property name="DisplayType" value="blockHardenedMulti" />
			<property name="Material" value="Mmetal_medium"/>
			<property name="LightOpacity" value="0"/>
			<property name="StabilitySupport" value="false"/> <!-- build restriction -->
			<property name="Shape" value="ModelEntity"/>
			<property name="Path" value="solid"/>
			<property name="Model" value="Entities/Crafting/vending_machine_playerPrefab"/>
			<property name="UnlockedBy" value="survivorSchemaSlotMachine_TRW"/>
			<property name="MultiBlockDim" value="1,2,1"/>
			<property name="ImposterExchange" value="imposterBlock" param1="143"/>
			<property name="OnlySimpleRotations" value="true"/>
			<property name="Stacknumber" value="1"/>
			<property name="Place" value="TowardsPlacerInverted"/>
			<property name="Collide" value="movement,melee,bullet,arrow,rocket"/>
			<property class="RepairItems"> <property name="resourceForgedIron" value="5"/> </property>
			<property class="UpgradeBlock">
				<property name="ToBlock" value="slotMachineProcessing_TRW"/>
				<property name="Item" value="casinoCoin"/>
				<property name="ItemCount" value="50"/>
				<property name="UpgradeHitCount" value="1"/>
			</property>
			<property name="DescriptionKey" value="slotMachineDesc"/>
		</block>

		<block name="slotMachineProcessing_TRW">
			<property name="CustomIcon" value="slotMachine" />
			<property name="IsDeveloper" value="true" />
			<property name="CreativeMode" value="Dev"/>
			<property name="DisplayInfo" value="Name"/>
			<property name="DisplayType" value="blockHardenedMulti" />
			<property name="Material" value="Mmetal_medium"/>
			<property name="LightOpacity" value="0"/>
			<property name="StabilitySupport" value="false"/> <!-- build restriction -->
			<property name="Shape" value="ModelEntity"/>
			<property name="Path" value="solid"/>
			<property name="Model" value="Entities/Crafting/vending_machine_playerPrefab"/>
			<property name="MultiBlockDim" value="1,2,1"/>
			<property name="ImposterExchange" value="imposterBlock" param1="143"/>
			<property name="OnlySimpleRotations" value="true"/>
			<property name="Place" value="TowardsPlacerInverted"/>
			<property name="Stacknumber" value="1"/>
			<property name="Collide" value="movement,melee,bullet,arrow,rocket"/>
			<drop event="Harvest" name="" count="0" tool_category="Disassemble" />
			<drop event="Destroy" count="0" />
			<property name="Class" value="UpgradeRated" />
			<property name="UpgradeRated.ToBlock" value="slotMachine_TRW" />
			<property name="UpgradeRated.Rate" value="1" /> <!-- 1 -->
			<property name="DescriptionKey" value="slotMachineDesc"/>
		</block>
		
	</append>
	
</configs>