<configs>

	<append xpath="/worldgeneration/biomes/biome[@name='pine_forest']/decorations">
		<decoration prob=".00025" blockname="wreckedCars0_TRW" type="block"/>
	</append>

	<append xpath="/worldgeneration/biomes/biome[@name='desert']/decorations">
		<decoration prob=".00025" blockname="wreckedCars0_TRW" type="block"/>
	</append>

	<append xpath="/worldgeneration/biomes/biome[@name='snow']/decorations">
		<decoration prob=".00025" blockname="wreckedCars0_TRW" type="block"/>
	</append>

	<append xpath="/worldgeneration/biomes/biome[@name='burnt_forest']/decorations">
		<decoration prob=".00025" blockname="wreckedCars0_TRW" type="block"/>
	</append>

</configs>