<configs>

	<append xpath="/items/item[@name='meleeToolRepairT0StoneAxe']/property[@class='Action1']/property[@name='Allowed_upgrade_items']/@value">,vehicleWheels,smallEngine,resourceMechanicalParts,carBattery,resourceHeadlight,resourceElectricParts,resourceChickenKit_TRW</append>

	<append xpath="/items/item[@name='meleeToolRepairT1ClawHammer']/property[@class='Action1']/property[@name='Allowed_upgrade_items']/@value">,ammoGasCan,casinoCoin,babyChicken_TRW,babyRabbit_TRW,resourceRabbitKit_TRW,resourceFishingKit_TRW,resourceChickenKit_TRW</append>

	<append xpath="/items/item[@name='meleeToolRepairT3Nailgun']/property[@class='Action1']/property[@name='Allowed_upgrade_items']/@value">,ammoGasCan,casinoCoin,babyChicken_TRW,babyRabbit_TRW,resourceRabbitKit_TRW,resourceFishingKit_TRW,resourceChickenKit_TRW</append>
	
	
	<append xpath="/items">

		<item name="vehicleJunk4x4TruckPlaceable">
			<property name="Extends" value="vehicleMinibikePlaceable"/>
			<property name="CustomIcon" value="vehicleJunk4x4TruckPlaceable"/>
			<property name="Tags" value="vehicle,vengine,vfuel,vlight,vseat,canHaveCosmetic"/>
			<property name="Meshfile" value="#Entities/Vehicles?jeep_Prefab.prefab"/>
			<property name="EconomicValue" value="5000"/>
			<property class="Action1">
				<property name="Vehicle" value="vehicleJunk4x4Truck"/>
				<property name="VehicleSize" value="2.5, 2.1, 5"/>
			</property>
			<effect_group name="vehicle4x4TruckPlaceable" tiered="false">
				<passive_effect name="ModSlots" operation="base_set" value="1"/>
				<passive_effect name="ModPowerBonus" operation="base_add" value="100" tags="EconomicValue"/>
				<passive_effect name="DegradationMax" operation="base_set" value="3500"/>
			</effect_group>
		</item>
		
	</append>
	
</configs>