<configs>
	
	<append xpath="/items/item[@name='foodRawMeat']">
		<property name="DescriptionKey" value="foodRawMeatCustomDesc"/>
	</append>

	
	<append xpath="/items">

		<item name="foodRawBearMeat_TRW">
			<property name="Tags" value="food"/>
			<property name="HoldType" value="31"/>
			<property name="DisplayType" value="foodRaw"/>
			<property name="Meshfile" value="#Other/Items?Misc/parcelPrefab.prefab"/>
			<property name="DropMeshfile" value="#Other/Items?Misc/sack_droppedPrefab.prefab"/>
			<property name="Material" value="MfoodRawMeat"/>
			<property name="Stacknumber" value="125"/> <!-- STK food -->
			<property name="EconomicBundleSize" value="5"/>
			<property name="EconomicValue" value="20"/>
			<property name="CraftingIngredientTime" value="3"/>
			<property name="CustomIcon" value="foodRawBearMeat"/>
			<property name="DescriptionKey" value="foodRawMeatGroupDesc"/>
			<property class="Action0">
				<property name="Class" value="Eat"/>
				<property name="Delay" value="1.0"/>
				<property name="Use_time" value="..."/>
				<property name="Sound_start" value="player_eating"/>
			</property>
			<property name="Smell" value="ExLargeSmell"/>
			<property name="Group" value="Food/Cooking,CFFood/Cooking"/>

			<effect_group tiered="false" name="Food Tier 0">
				<triggered_effect trigger="onSelfPrimaryActionEnd" action="ModifyCVar" cvar="$foodAmountAdd" operation="add" value="2"/>
				<triggered_effect trigger="onSelfPrimaryActionEnd" action="ModifyStats" stat="Health" operation="add" value="-1"/><display_value name="foodHealthAmount" value="-1"/>
				<triggered_effect trigger="onSelfPrimaryActionEnd" action="ModifyCVar" cvar=".foodStaminaBonusAdd" operation="add" value="-1"/>
				<triggered_effect trigger="onSelfPrimaryActionEnd" action="AddBuff" buff="buffProcessConsumables"/>
				<triggered_effect trigger="onSelfPrimaryActionEnd" action="ModifyCVar" cvar=".DiseaseRoll" operation="set" value="12"/><display_value name="dDysenteryRisk" value=".12"/>
				<triggered_effect trigger="onSelfPrimaryActionEnd" action="ModifyCVar" cvar=".DiseaseRoll" operation="add" value="@$MetabolismResist"/>
				<triggered_effect trigger="onSelfPrimaryActionEnd" action="AddBuff" buff="buffDysenteryCatchFood">
					<requirement name="RandomRoll" seed_type="Random" min_max="1,100" operation="LTE" value="@.DiseaseRoll"/>
				</triggered_effect>
			</effect_group>
		</item>

		<item name="foodRawPigMeat_TRW">
			<property name="Extends" value="foodRawBearMeat_TRW"/>
			<property name="CustomIcon" value="foodRawPigMeat"/>
			<effect_group tiered="false" name="Food Tier 0">
				<triggered_effect trigger="onSelfPrimaryActionEnd" action="ModifyCVar" cvar="$foodAmountAdd" operation="add" value="2"/>
				<triggered_effect trigger="onSelfPrimaryActionEnd" action="ModifyStats" stat="Health" operation="add" value="-1"/><display_value name="foodHealthAmount" value="-1"/>
				<triggered_effect trigger="onSelfPrimaryActionEnd" action="ModifyCVar" cvar=".foodStaminaBonusAdd" operation="add" value="-1"/>
				<triggered_effect trigger="onSelfPrimaryActionEnd" action="AddBuff" buff="buffProcessConsumables"/>
				<triggered_effect trigger="onSelfPrimaryActionEnd" action="ModifyCVar" cvar=".DiseaseRoll" operation="set" value="12"/><display_value name="dDysenteryRisk" value=".12"/>
				<triggered_effect trigger="onSelfPrimaryActionEnd" action="ModifyCVar" cvar=".DiseaseRoll" operation="add" value="@$MetabolismResist"/>
				<triggered_effect trigger="onSelfPrimaryActionEnd" action="AddBuff" buff="buffDysenteryCatchFood">
					<requirement name="RandomRoll" seed_type="Random" min_max="1,100" operation="LTE" value="@.DiseaseRoll"/>
				</triggered_effect>
			</effect_group>
		</item>
		
		<item name="foodRawChickenMeat_TRW">
			<property name="Extends" value="foodRawBearMeat_TRW"/>
			<property name="CustomIcon" value="foodRawChickenMeat"/>
			<effect_group tiered="false" name="Food Tier 0">
				<triggered_effect trigger="onSelfPrimaryActionEnd" action="ModifyCVar" cvar="$foodAmountAdd" operation="add" value="2"/>
				<triggered_effect trigger="onSelfPrimaryActionEnd" action="ModifyStats" stat="Health" operation="add" value="-1"/><display_value name="foodHealthAmount" value="-1"/>
				<triggered_effect trigger="onSelfPrimaryActionEnd" action="ModifyCVar" cvar=".foodStaminaBonusAdd" operation="add" value="-1"/>
				<triggered_effect trigger="onSelfPrimaryActionEnd" action="AddBuff" buff="buffProcessConsumables"/>
				<triggered_effect trigger="onSelfPrimaryActionEnd" action="ModifyCVar" cvar=".DiseaseRoll" operation="set" value="12"/><display_value name="dDysenteryRisk" value=".12"/>
				<triggered_effect trigger="onSelfPrimaryActionEnd" action="ModifyCVar" cvar=".DiseaseRoll" operation="add" value="@$MetabolismResist"/>
				<triggered_effect trigger="onSelfPrimaryActionEnd" action="AddBuff" buff="buffDysenteryCatchFood">
					<requirement name="RandomRoll" seed_type="Random" min_max="1,100" operation="LTE" value="@.DiseaseRoll"/>
				</triggered_effect>
			</effect_group>	
		</item>
		
		<item name="foodRawRabbitMeat_TRW">
			<property name="Extends" value="foodRawBearMeat_TRW"/>
			<property name="CustomIcon" value="foodRawRabbitMeat"/>
			<effect_group tiered="false" name="Food Tier 0">
				<triggered_effect trigger="onSelfPrimaryActionEnd" action="ModifyCVar" cvar="$foodAmountAdd" operation="add" value="2"/>
				<triggered_effect trigger="onSelfPrimaryActionEnd" action="ModifyStats" stat="Health" operation="add" value="-1"/><display_value name="foodHealthAmount" value="-1"/>
				<triggered_effect trigger="onSelfPrimaryActionEnd" action="ModifyCVar" cvar=".foodStaminaBonusAdd" operation="add" value="-1"/>
				<triggered_effect trigger="onSelfPrimaryActionEnd" action="AddBuff" buff="buffProcessConsumables"/>
				<triggered_effect trigger="onSelfPrimaryActionEnd" action="ModifyCVar" cvar=".DiseaseRoll" operation="set" value="12"/><display_value name="dDysenteryRisk" value=".12"/>
				<triggered_effect trigger="onSelfPrimaryActionEnd" action="ModifyCVar" cvar=".DiseaseRoll" operation="add" value="@$MetabolismResist"/>
				<triggered_effect trigger="onSelfPrimaryActionEnd" action="AddBuff" buff="buffDysenteryCatchFood">
					<requirement name="RandomRoll" seed_type="Random" min_max="1,100" operation="LTE" value="@.DiseaseRoll"/>
				</triggered_effect>
			</effect_group>
		</item>
		
		<item name="foodRawVenisonMeat_TRW">
			<property name="Extends" value="foodRawBearMeat_TRW"/>
			<property name="CustomIcon" value="foodRawVenisonMeat"/>
			<effect_group tiered="false" name="Food Tier 0">
				<triggered_effect trigger="onSelfPrimaryActionEnd" action="ModifyCVar" cvar="$foodAmountAdd" operation="add" value="2"/>
				<triggered_effect trigger="onSelfPrimaryActionEnd" action="ModifyStats" stat="Health" operation="add" value="-1"/><display_value name="foodHealthAmount" value="-1"/>
				<triggered_effect trigger="onSelfPrimaryActionEnd" action="ModifyCVar" cvar=".foodStaminaBonusAdd" operation="add" value="-1"/>
				<triggered_effect trigger="onSelfPrimaryActionEnd" action="AddBuff" buff="buffProcessConsumables"/>
				<triggered_effect trigger="onSelfPrimaryActionEnd" action="ModifyCVar" cvar=".DiseaseRoll" operation="set" value="12"/><display_value name="dDysenteryRisk" value=".12"/>
				<triggered_effect trigger="onSelfPrimaryActionEnd" action="ModifyCVar" cvar=".DiseaseRoll" operation="add" value="@$MetabolismResist"/>
				<triggered_effect trigger="onSelfPrimaryActionEnd" action="AddBuff" buff="buffDysenteryCatchFood">
					<requirement name="RandomRoll" seed_type="Random" min_max="1,100" operation="LTE" value="@.DiseaseRoll"/>
				</triggered_effect>
			</effect_group>
		</item>
		
		<item name="foodRawSnakeMeat_TRW">
			<property name="Extends" value="foodRawBearMeat_TRW"/>
			<property name="CustomIcon" value="foodRawSnakeMeat"/>
			<effect_group tiered="false" name="Food Tier 0">
				<triggered_effect trigger="onSelfPrimaryActionEnd" action="ModifyCVar" cvar="$foodAmountAdd" operation="add" value="2"/>
				<triggered_effect trigger="onSelfPrimaryActionEnd" action="ModifyStats" stat="Health" operation="add" value="-1"/><display_value name="foodHealthAmount" value="-1"/>
				<triggered_effect trigger="onSelfPrimaryActionEnd" action="ModifyCVar" cvar=".foodStaminaBonusAdd" operation="add" value="-1"/>
				<triggered_effect trigger="onSelfPrimaryActionEnd" action="AddBuff" buff="buffProcessConsumables"/>
				<triggered_effect trigger="onSelfPrimaryActionEnd" action="ModifyCVar" cvar=".DiseaseRoll" operation="set" value="12"/><display_value name="dDysenteryRisk" value=".12"/>
				<triggered_effect trigger="onSelfPrimaryActionEnd" action="ModifyCVar" cvar=".DiseaseRoll" operation="add" value="@$MetabolismResist"/>
				<triggered_effect trigger="onSelfPrimaryActionEnd" action="AddBuff" buff="buffDysenteryCatchFood">
					<requirement name="RandomRoll" seed_type="Random" min_max="1,100" operation="LTE" value="@.DiseaseRoll"/>
				</triggered_effect>
			</effect_group>
		</item>
		
		<item name="foodRawWolfMeat_TRW">
			<property name="Extends" value="foodRawBearMeat_TRW"/>
			<property name="CustomIcon" value="foodRawWolfMeat"/>
			<effect_group tiered="false" name="Food Tier 0">
				<triggered_effect trigger="onSelfPrimaryActionEnd" action="ModifyCVar" cvar="$foodAmountAdd" operation="add" value="2"/>
				<triggered_effect trigger="onSelfPrimaryActionEnd" action="ModifyStats" stat="Health" operation="add" value="-1"/><display_value name="foodHealthAmount" value="-1"/>
				<triggered_effect trigger="onSelfPrimaryActionEnd" action="ModifyCVar" cvar=".foodStaminaBonusAdd" operation="add" value="-1"/>
				<triggered_effect trigger="onSelfPrimaryActionEnd" action="AddBuff" buff="buffProcessConsumables"/>
				<triggered_effect trigger="onSelfPrimaryActionEnd" action="ModifyCVar" cvar=".DiseaseRoll" operation="set" value="12"/><display_value name="dDysenteryRisk" value=".12"/>
				<triggered_effect trigger="onSelfPrimaryActionEnd" action="ModifyCVar" cvar=".DiseaseRoll" operation="add" value="@$MetabolismResist"/>
				<triggered_effect trigger="onSelfPrimaryActionEnd" action="AddBuff" buff="buffDysenteryCatchFood">
					<requirement name="RandomRoll" seed_type="Random" min_max="1,100" operation="LTE" value="@.DiseaseRoll"/>
				</triggered_effect>
			</effect_group>
		</item>
		
		<item name="foodRawCoyoteMeat_TRW">
			<property name="Extends" value="foodRawBearMeat_TRW"/>
			<property name="CustomIcon" value="foodRawCoyoteMeat"/>
			<effect_group tiered="false" name="Food Tier 0">
				<triggered_effect trigger="onSelfPrimaryActionEnd" action="ModifyCVar" cvar="$foodAmountAdd" operation="add" value="2"/>
				<triggered_effect trigger="onSelfPrimaryActionEnd" action="ModifyStats" stat="Health" operation="add" value="-1"/><display_value name="foodHealthAmount" value="-1"/>
				<triggered_effect trigger="onSelfPrimaryActionEnd" action="ModifyCVar" cvar=".foodStaminaBonusAdd" operation="add" value="-1"/>
				<triggered_effect trigger="onSelfPrimaryActionEnd" action="AddBuff" buff="buffProcessConsumables"/>
				<triggered_effect trigger="onSelfPrimaryActionEnd" action="ModifyCVar" cvar=".DiseaseRoll" operation="set" value="12"/><display_value name="dDysenteryRisk" value=".12"/>
				<triggered_effect trigger="onSelfPrimaryActionEnd" action="ModifyCVar" cvar=".DiseaseRoll" operation="add" value="@$MetabolismResist"/>
				<triggered_effect trigger="onSelfPrimaryActionEnd" action="AddBuff" buff="buffDysenteryCatchFood">
					<requirement name="RandomRoll" seed_type="Random" min_max="1,100" operation="LTE" value="@.DiseaseRoll"/>
				</triggered_effect>
			</effect_group>
		</item>
		
		<item name="foodRawMountainLionMeat_TRW">
			<property name="Extends" value="foodRawBearMeat_TRW"/>
			<property name="CustomIcon" value="foodRawMountainLionMeat"/>
			<effect_group tiered="false" name="Food Tier 0">
				<triggered_effect trigger="onSelfPrimaryActionEnd" action="ModifyCVar" cvar="$foodAmountAdd" operation="add" value="2"/>
				<triggered_effect trigger="onSelfPrimaryActionEnd" action="ModifyStats" stat="Health" operation="add" value="-1"/><display_value name="foodHealthAmount" value="-1"/>
				<triggered_effect trigger="onSelfPrimaryActionEnd" action="ModifyCVar" cvar=".foodStaminaBonusAdd" operation="add" value="-1"/>
				<triggered_effect trigger="onSelfPrimaryActionEnd" action="AddBuff" buff="buffProcessConsumables"/>
				<triggered_effect trigger="onSelfPrimaryActionEnd" action="ModifyCVar" cvar=".DiseaseRoll" operation="set" value="12"/><display_value name="dDysenteryRisk" value=".12"/>
				<triggered_effect trigger="onSelfPrimaryActionEnd" action="ModifyCVar" cvar=".DiseaseRoll" operation="add" value="@$MetabolismResist"/>
				<triggered_effect trigger="onSelfPrimaryActionEnd" action="AddBuff" buff="buffDysenteryCatchFood">
					<requirement name="RandomRoll" seed_type="Random" min_max="1,100" operation="LTE" value="@.DiseaseRoll"/>
				</triggered_effect>
			</effect_group>
		</item>
		

	</append>
	
</configs>