<configs>
	
	<!--	signPosterWantedMissing01	-->
	<set xpath="/blocks/block[@name='signBookSaleAd']/property[@name='Extends']/@value">decoEntityClothMaster</set>
	<set xpath="/blocks/block[@name='signBread01']/property[@name='Extends']/@value">signBookSaleAd</set>
	<set xpath="/blocks/block[@name='signBread02']/property[@name='Extends']/@value">signBookSaleAd</set>
	<set xpath="/blocks/block[@name='signCigaretteAd']/property[@name='Extends']/@value">signBookSaleAd</set>
	<set xpath="/blocks/block[@name='signDinersMenu2m']/property[@name='Extends']/@value">signBookSaleAd</set>
	<set xpath="/blocks/block[@name='signDinersMenu2mCentered']/property[@name='Extends']/@value">signBookSaleAd</set>
	<set xpath="/blocks/block[@name='signLaborDaySaleAd']/property[@name='Extends']/@value">signBookSaleAd</set>
	<set xpath="/blocks/block[@name='signMegaCrushAd']/property[@name='Extends']/@value">signBookSaleAd</set>
	<set xpath="/blocks/block[@name='signSafetyWorkProtection']/property[@name='Extends']/@value">signBookSaleAd</set>
	<set xpath="/blocks/block[@name='signSale01']/property[@name='Extends']/@value">signBookSaleAd</set>
	<set xpath="/blocks/block[@name='signSale02']/property[@name='Extends']/@value">signBookSaleAd</set>
	<set xpath="/blocks/block[@name='signShamwaySale']/property[@name='Extends']/@value">signBookSaleAd</set>
	
	<!--	signPosterWantedMissing02	-->
	<set xpath="/blocks/block[@name='signDinersMenu']/property[@name='Extends']/@value">decoEntityClothMaster</set>
	<set xpath="/blocks/block[@name='signNotice01']/property[@name='Extends']/@value">signDinersMenu</set>
	<set xpath="/blocks/block[@name='signNotice02']/property[@name='Extends']/@value">signDinersMenu</set>
	<set xpath="/blocks/block[@name='signNotice03']/property[@name='Extends']/@value">signDinersMenu</set>
	<set xpath="/blocks/block[@name='signNotice04']/property[@name='Extends']/@value">signDinersMenu</set>
	
	
    <insertAfter xpath="/blocks/block[@name='signBookSaleAd']/property[@name='Extends']">
		<property name="DisplayType" value="blockMulti"/>
		<property name="Place" value="TowardsPlacerInverted"/>
		<property name="StabilitySupport" value="false"/>
		<drop event="Destroy" name="resourcePaper" count="3,5"/>
		<property name="MultiBlockDim" value="2,1,1"/>
    </insertAfter>
	
	<insertAfter xpath="/blocks/block[@name='signDinersMenu']/property[@name='Extends']">
		<property name="Model" value="Entities/Commercial/posterWantedMissing02Prefab"/>
		<property name="StabilitySupport" value="false"/>
		<drop event="Destroy" name="resourcePaper" count="3,5"/>
    </insertAfter>
	
	<append xpath="/blocks/block[@name='signPosterWantedMissing01']">
		<property name="Class" value="Loot"/>
		<property name="LootList" value="lootQuest"/>
	</append>
	
	<append xpath="/blocks/block[@name='signPosterWantedMissing02']">
		<property name="Class" value="Loot"/>
		<property name="LootList" value="lootQuest"/>
	</append>
	
	<append xpath="/blocks/block[@name='signPosterWantedMissing02']">
		<property name="Class" value="Loot"/>
		<property name="LootList" value="lootQuest"/>
	</append>
	
</configs>