<configs>

	<append xpath="/quests" >
	
		<quest id="challenge_missingTheGoodBoy">
			<property name="name_key" value="challenge_missingTheGoodBoy"/>
			<property name="subtitle_key" value="challenge_missingTheGoodBoy_subtitle"/>
			<property name="description_key" value="challenge_missingTheGoodBoy_offer"/>
			<property name="icon" value="ui_game_symbol_zombie"/>
			<property name="repeatable" value="false"/>
			<property name="category_key" value="challenge"/>
			<property name="offer_key" value="challenge_missingTheGoodBoy_offer"/>
			<property name="difficulty" value="hard"/>
			<property name="completiontype" value="TurnIn"/>

			<objective type="RandomGoto" value="500-1000" phase="1">
				<property name="completion_distance" value="50"/>
				<property name="nav_object" value="quest" />
			</objective>

			<objective type="RallyPoint">
				<property name="start_mode" value="Create"/>
				<property name="phase" value="2"/>
				<property name="nav_object" value="rally" />
			</objective>

			<action type="SpawnEnemy" id="animalZombieDog" value="1" phase="3"/>
			<objective type="ZombieKill" id="animalZombieDog" value="1" phase="3"/>
			
			<objective type="InteractWithNPC">
				<property name="phase" value="4"/>
			</objective>

			<reward type="Exp" value="750"/>
			<reward type="Item" id="casinoCoin" value="550-1050"/>
		</quest>
		
		<quest id="challenge_missingStabby">
			<property name="name_key" value="challenge_missingStabby"/>
			<property name="subtitle_key" value="challenge_missingStabby_subtitle"/>
			<property name="description_key" value="challenge_missingStabby_offer"/>
			<property name="icon" value="ui_game_symbol_zombie"/>
			<property name="repeatable" value="false"/>
			<property name="category_key" value="challenge"/>
			<property name="offer_key" value="challenge_missingStabby_offer"/>
			<property name="difficulty" value="insane"/>
			<property name="completiontype" value="TurnIn"/>

			<objective type="RandomGoto" value="500-1000" phase="1">
				<property name="completion_distance" value="50"/>
				<property name="nav_object" value="quest" />
			</objective>

			<objective type="RallyPoint">
				<property name="start_mode" value="Create"/>
				<property name="phase" value="2"/>
				<property name="nav_object" value="rally" />
			</objective>

			<action type="SpawnEnemy" id="zombieScreamer" value="1" phase="3"/>
			<objective type="ZombieKill" id="zombieScreamer" value="1" phase="3"/>

			<objective type="InteractWithNPC">
				<property name="phase" value="4"/>
			</objective>

			<reward type="Exp" value="750"/>
			<!-- You can define a range of rewards like <reward type="Item" id="casinoCoin" value="200-500"/> -->
			<reward type="Item" id="casinoCoin" value="550-1050"/>
		</quest>
		
		<quest id="challenge_missingJess">
			<property name="name_key" value="challenge_missingJess"/>
			<property name="subtitle_key" value="challenge_missingJess_subtitle"/>
			<property name="description_key" value="challenge_missingJess_offer"/>
			<property name="icon" value="ui_game_symbol_zombie"/>
			<property name="repeatable" value="false"/>
			<property name="category_key" value="challenge"/>
			<property name="offer_key" value="challenge_missingStabby_offer"/>
			<property name="difficulty" value="insane"/>
			<property name="completiontype" value="TurnIn"/>

			<objective type="RandomGoto" value="500-1000" phase="1">
				<property name="completion_distance" value="50"/>
				<property name="nav_object" value="quest" />
			</objective>

			<objective type="RallyPoint">
				<property name="start_mode" value="Create"/>
				<property name="phase" value="2"/>
				<property name="nav_object" value="rally" />
			</objective>

			<action type="SpawnEnemy" id="zombieBoe" value="1" phase="3"/>
			<action type="SpawnEnemy" id="zombieDarlene" value="1" phase="3"/>
			<action type="SpawnEnemy" id="zombieYo" value="1" phase="3"/>
			<action type="SpawnEnemy" id="zombieNurse" value="1" phase="3"/>
			<action type="SpawnEnemy" id="zombiePartyGirl" value="1" phase="3"/>
			<objective type="ZombieKill" id="zombiePartyGirl" value="1" phase="3"/>

			<objective type="InteractWithNPC">
				<property name="phase" value="4"/>
			</objective>

			<reward type="Exp" value="750"/>
			<!-- You can define a range of rewards like <reward type="Item" id="casinoCoin" value="200-500"/> -->
			<reward type="Item" id="casinoCoin" value="550-1050"/>
		</quest>
		
		<quest id="challenge_missingTheChamp">
			<property name="name_key" value="challenge_missingTheChamp"/>
			<property name="subtitle_key" value="challenge_missingTheChamp_subtitle"/>
			<property name="description_key" value="challenge_missingTheChamp_offer"/>
			<property name="icon" value="ui_game_symbol_zombie"/>
			<property name="repeatable" value="false"/>
			<property name="category_key" value="challenge"/>
			<property name="offer_key" value="challenge_missingTheChamp_offer"/>
			<property name="difficulty" value="insane"/>
			<property name="completiontype" value="TurnIn"/>

			<objective type="RandomGoto" value="500-1000" phase="1">
				<property name="completion_distance" value="50"/>
				<property name="nav_object" value="quest" />
			</objective>

			<objective type="RallyPoint">
				<property name="start_mode" value="Create"/>
				<property name="phase" value="2"/>
				<property name="nav_object" value="rally" />
			</objective>

			<action type="SpawnEnemy" id="zombieLumberjack" value="1" phase="3"/>
			<objective type="ZombieKill" id="zombieLumberjack" value="1" phase="3"/>

			<objective type="InteractWithNPC">
				<property name="phase" value="4"/>
			</objective>

			<reward type="Exp" value="750"/>
			<!-- You can define a range of rewards like <reward type="Item" id="casinoCoin" value="200-500"/> -->
			<reward type="Item" id="casinoCoin" value="550-1050"/>
		</quest>
		
		<quest id="challenge_missingTooFresh">
			<property name="name_key" value="challenge_missingTooFresh"/>
			<property name="subtitle_key" value="challenge_missingTooFresh_subtitle"/>
			<property name="description_key" value="challenge_missingTooFresh_offer"/>
			<property name="icon" value="ui_game_symbol_zombie"/>
			<property name="repeatable" value="false"/>
			<property name="category_key" value="challenge"/>
			<property name="offer_key" value="challenge_missingTooFresh_offer"/>
			<property name="difficulty" value="insane"/>
			<property name="completiontype" value="TurnIn"/>

			<objective type="RandomGoto" value="500-1000" phase="1">
				<property name="completion_distance" value="50"/>
				<property name="nav_object" value="quest" />
			</objective>

			<objective type="RallyPoint">
				<property name="start_mode" value="Create"/>
				<property name="phase" value="2"/>
				<property name="nav_object" value="rally" />
			</objective>

			<action type="SpawnEnemy" id="zombieMutated" value="1" phase="3"/>
			<objective type="ZombieKill" id="zombieMutated" value="1" phase="3"/>

			<objective type="InteractWithNPC">
				<property name="phase" value="4"/>
			</objective>

			<reward type="Exp" value="750"/>
			<!-- You can define a range of rewards like <reward type="Item" id="casinoCoin" value="200-500"/> -->
			<reward type="Item" id="casinoCoin" value="550-1050"/>
		</quest>
		
	</append>

</configs>