<configs>

	<append xpath="/blocks">
	
		<block name="emptystationHutch_TRW">
			<property name="CustomIcon" value="stationHutch" />
			<property name="DisplayType" value="defaultBlock"/>
			<property name="StabilitySupport" value="true"/>
			<property name="DescriptionKey" value="emptystationHutchDesc"/>
			<property name="Place" value="TowardsPlacerInverted"/>
			<property name="Material" value="Mmetal_medium"/>
			<property name="CustomUpgradeSound" value="place_block_metal"/>
			<property name="Shape" value="New"/>
			<property name="Model" value="cube"/>
			<property name="Mesh" value="cutout"/>
			<property name="UnlockedBy" value="survivorSchemaHutch_TRW"/>
			<property name="Frame"/>
			<property name="Collide" value="sight,movement,melee,bullet,arrow,rocket"/>
			<property name="Texture" value="49" />
			<property name="CreativeMode" value="Player"/>
			<property class="RepairItems">
				<property name="forgedIron" value="20" />			
				<property name="resourceMechanicalParts" value="3" />
			</property>
			<property name="Class" value="SpawnEntity"/>
				<property name="SpawnClass" value="dummyRabbit"/>
			<property class="UpgradeBlock">
				<property name="ToBlock" value="stationHutch_TRW"/>
				<property name="Item" value="babyRabbit_TRW"/>
				<property name="ItemCount" value="1"/>
				<property name="UpgradeHitCount" value="1"/>
			</property>
			<property name="CustomUpgradeSound" value="place_block_metal"/>
			<drop event="Destroy" name="resourceScrapIron" count="1,8"/>
		</block>

		<block name="stationHutch_TRW">
			<property name="Class" value="Campfire" />	
			<property name="CustomIcon" value="stationHutch" />
			<property name="DisplayType" value="defaultBlock"/>
			<property name="StabilitySupport" value="true"/>
			<property name="Group" value="Building" />
			<property name="DescriptionKey" value="stationHutchDesc"/>
			<property name="Material" value="Mmetal_weak" />
			<property name="Shape" value="New"/>
			<property name="LightOpacity" value="0"/>
			<property name="Model" value="cube"/>
			<property name="Mesh" value="cutout"/>
			<property name="Texture" value="49" />
			<property name="Frame"/>
			<property name="Collide" value="melee,bullet,arrow,rocket,movement" />
			<property class="Workstation">
				<property name="Modules" value="output,input"/>
				<property name="Collide" value="melee,bullet,arrow,rocket"/>
				<property name="CraftingAreaRecipes" value="stationHutch"/>
			</property>
			<property name="WorkstationWindow" value="workstation_stationHutch" />
			<!--<property name="CraftActionName" value="lblContextActionCook"/>
			<property name="CraftIcon" value="ui_game_symbol_spatula"/>-->
			<property name="OpenSound" value="UseActions/open_dumpster" />
			<property name="CloseSound" value="UseActions/close_dumpster" />
			<property name="WorkstationIcon" value="ui_game_symbol_ChickenCoop"/>
			<property class="RepairItems">
				<property name="forgedIron" value="20" />			
				<property name="resourceMechanicalParts" value="3" />
			</property>
			<property name="Stacknumber" value="1" />
			<drop event="Harvest" name="" count="0" tool_category="Disassemble" />
			<drop event="Destroy" count="0" />
			<property name="DescriptionKey" value="survivorToolGroupDesc"/>
			<drop event="Fall" name="scrapMetalPile" count="1" prob=".2" stick_chance="1" />
			<property name="SellableToTrader" value="false" />
		</block>
		
	</append>
	
</configs>