<configs>
	
	<append xpath="/items/item[@name='meleeToolRepairT0StoneAxe']/property[@class='Action1']/property[@name='Allowed_upgrade_items']/@value">,resourceFishingKit_TRW</append>

	<append xpath="/items/item[@name='meleeToolRepairT1ClawHammer']/property[@class='Action1']/property[@name='Allowed_upgrade_items']/@value">,resourceFishingKit_TRW</append>

	<append xpath="/items/item[@name='meleeToolRepairT3Nailgun']/property[@class='Action1']/property[@name='Allowed_upgrade_items']/@value">,resourceFishingKit_TRW</append>
	

	<append xpath="/items">

		<item name="resourceWorms_TRW">
			<property name="Extends" value="foodRawMeat"/>
			<property name="CustomIcon" value="resourceWorms"/>
			<property name="Stacknumber" value="500"/>
			<property name="SellableToTrader" value="false"/>
			<property name="DescriptionKey" value="resourceWormsDesc"/>
			<property name="CraftingIngredientExp" value="0"/>
			<property name="EconomicValue" value="5" />
			<property name="EconomicBundleSize" value="10" />
			<effect_group tiered="false" name="Food Tier 0">
				<triggered_effect trigger="onSelfPrimaryActionEnd" action="ModifyCVar" cvar="$foodAmountAdd" operation="add" value="2"/>
				<triggered_effect trigger="onSelfPrimaryActionEnd" action="ModifyStats" stat="Health" operation="add" value="-1"/><display_value name="foodHealthAmount" value="-1"/>
				<triggered_effect trigger="onSelfPrimaryActionEnd" action="ModifyCVar" cvar=".foodStaminaBonusAdd" operation="add" value="-1"/>
				<triggered_effect trigger="onSelfPrimaryActionEnd" action="AddBuff" buff="buffProcessConsumables"/>
				<triggered_effect trigger="onSelfPrimaryActionEnd" action="ModifyCVar" cvar=".DiseaseRoll" operation="set" value="12"/><display_value name="dDysenteryRisk" value=".12"/>
				<triggered_effect trigger="onSelfPrimaryActionEnd" action="ModifyCVar" cvar=".DiseaseRoll" operation="add" value="@$MetabolismResist"/>
				<triggered_effect trigger="onSelfPrimaryActionEnd" action="AddBuff" buff="buffDysenteryCatchFood">
					<requirement name="RandomRoll" seed_type="Random" min_max="1,100" operation="LTE" value="@.DiseaseRoll"/>
				</triggered_effect>
			</effect_group>
			<property name="Group" value="Food/Cooking,CFFood/Cooking,ComposterFood"/>
		</item>
		
		<item name="foodBrownAlga_TRW">
			<property name="Extends" value="foodRawMeat"/>
			<property name="CustomIcon" value="foodBrownAlga"/>
			<property name="DescriptionKey" value="foodBrownAlgaDesc"/>
			<effect_group tiered="false">
				<triggered_effect trigger="onSelfPrimaryActionEnd" action="ModifyCVar" cvar="$waterAmountAdd" operation="add" value="1"/>
				<triggered_effect trigger="onSelfPrimaryActionEnd" action="ModifyCVar" cvar="$foodAmountAdd" operation="add" value="3"/>
				<triggered_effect trigger="onSelfPrimaryActionEnd" action="ModifyCVar" cvar="foodHealthAmount" operation="add" value="1"/>
				<triggered_effect trigger="onSelfPrimaryActionEnd" action="AddBuff" buff="buffProcessConsumables"/>

				<triggered_effect trigger="onSelfPrimaryActionEnd" action="ModifyCVar" cvar=".DiseaseRoll" operation="set" value="10"/><display_value name="dFoodPoisoningRisk" value="1"/> <!-- raw3 -->
				<triggered_effect trigger="onSelfPrimaryActionEnd" action="ModifyCVar" cvar=".DiseaseRoll" operation="add" value="@$MetabolismResist"/>
				<triggered_effect trigger="onSelfPrimaryActionEnd" action="AddBuff" buff="buffIllFoodPoisoning01">
					<requirement name="RandomRoll" seed_type="Random" min_max="1,100" operation="LTE" value="@.DiseaseRoll"/>
				</triggered_effect>
			</effect_group>
		</item>
		
		<item name="foodGreenAlga_TRW">
			<property name="Extends" value="foodRawMeat"/>
			<property name="CustomIcon" value="foodGreenAlga"/>
			<property name="DescriptionKey" value="foodGreenAlgaDesc"/>
			<effect_group tiered="false">
				<triggered_effect trigger="onSelfPrimaryActionEnd" action="ModifyCVar" cvar="$waterAmountAdd" operation="add" value="1"/>
				<triggered_effect trigger="onSelfPrimaryActionEnd" action="ModifyCVar" cvar="$foodAmountAdd" operation="add" value="3"/>
				<triggered_effect trigger="onSelfPrimaryActionEnd" action="ModifyCVar" cvar="foodHealthAmount" operation="add" value="1"/>
				<triggered_effect trigger="onSelfPrimaryActionEnd" action="AddBuff" buff="buffProcessConsumables"/>
			</effect_group>
		</item>

		<item name="foodRawFish_TRW">
			<property name="Extends" value="foodRawMeat"/>
			<property name="CustomIcon" value="foodRawFish"/>
			<property name="DescriptionKey" value="foodRawFishDesc"/>
			<effect_group tiered="false">
				<triggered_effect trigger="onSelfPrimaryActionEnd" action="ModifyCVar" cvar="$foodAmountAdd" operation="add" value="1"/>
				<triggered_effect trigger="onSelfPrimaryActionEnd" action="ModifyCVar" cvar="foodHealthAmount" operation="add" value="1"/>
				<triggered_effect trigger="onSelfPrimaryActionEnd" action="AddBuff" buff="buffProcessConsumables"/>

				<triggered_effect trigger="onSelfPrimaryActionEnd" action="ModifyCVar" cvar=".DiseaseRoll" operation="set" value="10"/><display_value name="dFoodPoisoningRisk" value=".30"/> <!-- raw3 -->
				<triggered_effect trigger="onSelfPrimaryActionEnd" action="ModifyCVar" cvar=".DiseaseRoll" operation="add" value="@$MetabolismResist"/>
				<triggered_effect trigger="onSelfPrimaryActionEnd" action="AddBuff" buff="buffIllFoodPoisoning01">
					<requirement name="RandomRoll" seed_type="Random" min_max="1,100" operation="LTE" value="@.DiseaseRoll"/>
				</triggered_effect>
			</effect_group>
		</item>
		
		<item name="foodSashimi_TRW">
			<property name="Extends" value="foodRawMeat"/>
			<property name="CustomIcon" value="foodSashimi"/>
			<property name="DescriptionKey" value="foodSashimiDesc"/>
			<property name="UnlockedBy" value="sushiBook_TRW"/>
			<effect_group tiered="false">
				<triggered_effect trigger="onSelfPrimaryActionEnd" action="ModifyCVar" cvar="$foodAmountAdd" operation="add" value="10"/>
				<triggered_effect trigger="onSelfPrimaryActionEnd" action="ModifyCVar" cvar="foodHealthAmount" operation="add" value="8"/>
				<triggered_effect trigger="onSelfPrimaryActionEnd" action="AddBuff" buff="buffProcessConsumables"/>

				<!--<triggered_effect trigger="onSelfPrimaryActionEnd" action="ModifyCVar" cvar=".DiseaseRoll" operation="set" value="4"/><display_value name="dFoodPoisoningRisk" value=".02"/> 
				<triggered_effect trigger="onSelfPrimaryActionEnd" action="ModifyCVar" cvar=".DiseaseRoll" operation="add" value="@$MetabolismResist"/>
				<triggered_effect trigger="onSelfPrimaryActionEnd" action="AddBuff" buff="buffIllFoodPoisoning01">
					<requirement name="RandomRoll" seed_type="Random" min_max="1,100" operation="LTE" value="@.DiseaseRoll"/>
				</triggered_effect>-->
			</effect_group>
		</item>

		<item name="foodMakizushi_TRW">
			<property name="Extends" value="foodRawMeat"/>
			<property name="CustomIcon" value="foodMakizushi"/>
			<property name="DescriptionKey" value="foodMakizushiDesc"/>
			<property name="UnlockedBy" value="sushiBook_TRW"/>
			<effect_group tiered="false">
				<triggered_effect trigger="onSelfPrimaryActionEnd" action="ModifyCVar" cvar="$waterAmountAdd" operation="add" value="5"/>
				<triggered_effect trigger="onSelfPrimaryActionEnd" action="ModifyCVar" cvar="$foodAmountAdd" operation="add" value="20"/>
				<triggered_effect trigger="onSelfPrimaryActionEnd" action="ModifyCVar" cvar="foodHealthAmount" operation="add" value="10"/>
				<triggered_effect trigger="onSelfPrimaryActionEnd" action="AddBuff" target="self" buff="buffProcessConsumables"/>
				
				<!--<triggered_effect trigger="onSelfPrimaryActionEnd" action="ModifyCVar" cvar=".DiseaseRoll" operation="set" value="4"/><display_value name="dFoodPoisoningRisk" value=".02"/> 
				<triggered_effect trigger="onSelfPrimaryActionEnd" action="ModifyCVar" cvar=".DiseaseRoll" operation="add" value="@$MetabolismResist"/>
				<triggered_effect trigger="onSelfPrimaryActionEnd" action="AddBuff" buff="buffIllFoodPoisoning01">
					<requirement name="RandomRoll" seed_type="Random" min_max="1,100" operation="LTE" value="@.DiseaseRoll"/>
				</triggered_effect>-->
			</effect_group>
		</item>
		
		<item name="foodNigirizushi_TRW">
			<property name="Extends" value="foodRawMeat"/>
			<property name="CustomIcon" value="foodNigirizushi"/>
			<property name="DescriptionKey" value="foodNigirizushiDesc"/>
			<property name="UnlockedBy" value="sushiBook_TRW"/>
			<effect_group tiered="false">
				<triggered_effect trigger="onSelfPrimaryActionEnd" action="ModifyCVar" cvar="$waterAmountAdd" operation="add" value="5"/>
				<triggered_effect trigger="onSelfPrimaryActionEnd" action="ModifyCVar" cvar="$foodAmountAdd" operation="add" value="15"/>
				<triggered_effect trigger="onSelfPrimaryActionEnd" action="ModifyCVar" cvar="foodHealthAmount" operation="add" value="10"/>
				<triggered_effect trigger="onSelfPrimaryActionEnd" action="AddBuff" target="self" buff="buffProcessConsumables"/>
			
				<!--<triggered_effect trigger="onSelfPrimaryActionEnd" action="ModifyCVar" cvar=".DiseaseRoll" operation="set" value="10"/><display_value name="dFoodPoisoningRisk" value=".02"/>
				<triggered_effect trigger="onSelfPrimaryActionEnd" action="ModifyCVar" cvar=".DiseaseRoll" operation="add" value="@$MetabolismResist"/>
				<triggered_effect trigger="onSelfPrimaryActionEnd" action="AddBuff" buff="buffIllFoodPoisoning01">
					<requirement name="RandomRoll" seed_type="Random" min_max="1,100" operation="LTE" value="@.DiseaseRoll"/>
				</triggered_effect>-->
			</effect_group>
		</item>
		
		<item name="foodTemakizushi_TRW">
			<property name="Extends" value="foodRawMeat"/>
			<property name="CustomIcon" value="foodTemakizushi"/>
			<property name="DescriptionKey" value="foodTemakizushiDesc"/>
			<property name="UnlockedBy" value="sushiBook_TRW"/>
			<effect_group tiered="false">
				<triggered_effect trigger="onSelfPrimaryActionEnd" action="ModifyCVar" cvar="$waterAmountAdd" operation="add" value="5"/>
				<triggered_effect trigger="onSelfPrimaryActionEnd" action="ModifyCVar" cvar="$foodAmountAdd" operation="add" value="22"/>
				<triggered_effect trigger="onSelfPrimaryActionEnd" action="ModifyCVar" cvar="foodHealthAmount" operation="add" value="10"/>
				<triggered_effect trigger="onSelfPrimaryActionEnd" action="AddBuff" target="self" buff="buffProcessConsumables"/>
			
				<!--<triggered_effect trigger="onSelfPrimaryActionEnd" action="ModifyCVar" cvar=".DiseaseRoll" operation="set" value="10"/><display_value name="dFoodPoisoningRisk" value=".02"/>
				<triggered_effect trigger="onSelfPrimaryActionEnd" action="ModifyCVar" cvar=".DiseaseRoll" operation="add" value="@$MetabolismResist"/>
				<triggered_effect trigger="onSelfPrimaryActionEnd" action="AddBuff" buff="buffIllFoodPoisoning01">
					<requirement name="RandomRoll" seed_type="Random" min_max="1,100" operation="LTE" value="@.DiseaseRoll"/>
				</triggered_effect>-->
			</effect_group>
		</item>
			
		<item name="foodSoupFish_TRW">
			<property name="Extends" value="foodMeatStew"/>
			<property name="CustomIcon" value="foodSoupFish"/>
			<property name="DescriptionKey" value="foodSoupFishDesc"/>
			<property name="UnlockedBy" value="perkMasterChef"/>
			<effect_group tiered="false">
				<triggered_effect trigger="onSelfPrimaryActionEnd" action="ModifyCVar" cvar="$waterAmountAdd" operation="add" value="30"/>
				<triggered_effect trigger="onSelfPrimaryActionEnd" action="ModifyCVar" cvar="$foodAmountAdd" operation="add" value="50"/>
				<triggered_effect trigger="onSelfPrimaryActionEnd" action="ModifyCVar" cvar="foodHealthAmount" operation="add" value="25"/>
				<triggered_effect trigger="onSelfPrimaryActionEnd" action="AddBuff" buff="buffProcessConsumables"/>
			</effect_group>
		</item>
				
		<item name="foodFishStew_TRW">
			<property name="Extends" value="foodMeatStew"/>
			<property name="CustomIcon" value="foodFishStew"/>
			<property name="DescriptionKey" value="foodFishStewDesc"/>
			<property name="UnlockedBy" value="perkMasterChef"/>
			<effect_group tiered="false">
				<triggered_effect trigger="onSelfPrimaryActionEnd" action="ModifyCVar" cvar="$waterAmountAdd" operation="add" value="20"/>
				<triggered_effect trigger="onSelfPrimaryActionEnd" action="ModifyCVar" cvar="$foodAmountAdd" operation="add" value="50"/>
				<triggered_effect trigger="onSelfPrimaryActionEnd" action="ModifyCVar" cvar="foodHealthAmount" operation="add" value="25"/>
				<triggered_effect trigger="onSelfPrimaryActionEnd" action="ModifyCVar" cvar=".foodStaminaBonusAdd" operation="add" value="30"/>
				<triggered_effect trigger="onSelfPrimaryActionEnd" action="AddBuff" buff="buffProcessConsumables"/>
			</effect_group>
		</item>
		
		<item name="foodHotpotFish_TRW">
			<property name="Extends" value="foodMeatStew"/>
			<property name="CustomIcon" value="foodHotpotFish"/>
			<property name="DescriptionKey" value="foodHotpotFishDesc"/>
			<property name="UnlockedBy" value="perkMasterChef"/>
			<effect_group tiered="false">
				<triggered_effect trigger="onSelfPrimaryActionEnd" action="ModifyCVar" cvar="$waterAmountAdd" operation="add" value="25"/>
				<triggered_effect trigger="onSelfPrimaryActionEnd" action="ModifyCVar" cvar="$foodAmountAdd" operation="add" value="60"/>
				<triggered_effect trigger="onSelfPrimaryActionEnd" action="ModifyCVar" cvar="foodHealthAmount" operation="add" value="27"/>
				<triggered_effect trigger="onSelfPrimaryActionEnd" action="ModifyCVar" cvar=".foodStaminaBonusAdd" operation="add" value="30"/>
				<triggered_effect trigger="onSelfPrimaryActionEnd" action="AddBuff" buff="buffProcessConsumables"/>
			</effect_group>
		</item>

		<item name="resourceFishingKit_TRW">
			<property name="Extends" value="resourceCloth"/>
			<property name="CustomIcon" value="resourceFishingKit"/>
			<property name="UnlockedBy" value="perkTheHuntsman"/>
			<property name="Stacknumber" value="10" />
			<property name="EconomicValue" value="30"/>
			<property name="DescriptionKey" value="resourceFishingKitDesc"/>
			<property name="Group" value="Resources" />
		</item>
				
		<item name="sushiBook_TRW">
			<property name="Extends" value="schematicNoQualityMaster"/>
			<property name="CustomIcon" value="sushiBook"/>
			<property name="CreativeMode" value="Player"/>
			<property name="DescriptionKey" value="sushiBookDesc"/>
			<property name="UnlockedBy" value="sushiBook_TRW"/>
			<property name="Unlocks" value="foodSashimi_TRW,foodNigirizushi_TRW,foodMakizushi_TRW,foodTemakizushi_TRW,sushiBook_TRW"/>
			<effect_group tiered="false">
				<triggered_effect trigger="onSelfPrimaryActionEnd" action="ModifyCVar" cvar="foodSashimi_TRW" operation="set" value="1"/>
				<triggered_effect trigger="onSelfPrimaryActionEnd" action="ModifyCVar" cvar="foodNigirizushi_TRW" operation="set" value="1"/>
				<triggered_effect trigger="onSelfPrimaryActionEnd" action="ModifyCVar" cvar="foodMakizushi_TRW" operation="set" value="1"/>
				<triggered_effect trigger="onSelfPrimaryActionEnd" action="ModifyCVar" cvar="foodTemakizushi_TRW" operation="set" value="1"/>
				<triggered_effect trigger="onSelfPrimaryActionEnd" action="ModifyCVar" cvar="sushiBook_TRW" operation="set" value="1"/>
				<triggered_effect trigger="onSelfPrimaryActionEnd" action="GiveExp" exp="50"/>		
			</effect_group>
			<property name="Group" value="Books,DeskMag"/>
		</item>

		<item name="foodFishStick_TRW">
			<property name="Tags" value="food"/>
			<property name="CustomIcon" value="foodFishStick"/>
			<property name="DescriptionKey" value="foodFishStickDesc"/>
			<!--<property name="UnlockedBy" value="perkMasterChef,cookBook_TRW"/>-->
			<property name="HoldType" value="31"/>
			<property name="DisplayType" value="food"/>
			<property name="Meshfile" value="#Other/Items?Misc/parcelPrefab.prefab"/>
			<property name="DropMeshfile" value="#Other/Items?Misc/sack_droppedPrefab.prefab"/>
			<property name="Material" value="Morganic"/>
			<property name="Stacknumber" value="10"/> <!-- STK food -->
			<property name="EconomicValue" value="24"/>
			<property class="Action0">
				<property name="Class" value="Eat"/>
				<property name="Delay" value="2.1"/>
				<property name="Use_time" value="..."/>
				<property name="Sound_start" value="player_eating"/>
			</property>
			<property name="Group" value="Food/Cooking,CFFood/Cooking"/>

			<effect_group tiered="false" name="Food Tier 0">
				<triggered_effect trigger="onSelfPrimaryActionEnd" action="ModifyCVar" cvar="$foodAmountAdd" operation="add" value="10"/>
				<triggered_effect trigger="onSelfPrimaryActionEnd" action="ModifyCVar" cvar="foodHealthAmount" operation="add" value="5"/>
				<triggered_effect trigger="onSelfPrimaryActionEnd" action="AddBuff" buff="buffProcessConsumables"/>
			</effect_group>
			
		</item>
		
	</append>
	
</configs>