<configs>

	<append xpath="/lootcontainers/lootgroup[@name='groupCupboard02']">
		<item name="sushiBook_TRW" loot_prob_template="low"/>
	</append>
	
	<append xpath="/lootcontainers">
			
		<!-- FishingTrap -->
		<lootgroup name="fishingShoes" count="1">
			<item name="apparelRunningShoesHP" count="1"/>
			<item name="apparelRunningShoesRegular" count="1"/>
			<item name="apparelSuitDressShoes" count="1"/>
			<item name="apparelWornBoots" count="1"/>
			<item name="apparelCowboyBoots" count="1"/>
			<item name="apparelGothBoots" count="1"/>
		</lootgroup>
				
		<!-- Fishing Trap -->
		<lootcontainer id="900" name="groupFishingtrap" count="1,4" size="4,3" destroy_on_close="true" sound_open="UseActions/open_dumpster" sound_close="UseActions/close_dumpster" loot_quality_template="qualBaseTemplate">
			<item name="resourceScrapPolymers" count="1,3" prob="0.7"/>
			<item name="resourcePaper" count="1,5" prob="0.7"/>
			<item name="foodBrownAlga_TRW" count="1,2" prob="0.5"/>
			<item name="foodGreenAlga_TRW" count="1,2" prob="0.5"/>
			<item name="foodRawFish_TRW" count="1,3" prob="0.7"/>	<!-- prob: 0.5 -->
			<item group="fishingShoes" count="1" prob="0.2"/>
		</lootcontainer>
		
	</append>
	
</configs>