<configs>
				
		<append xpath="/windows">
		
			<window name="windowToolsCharcoalGrill" width="228" height="121" panel="Right" cursor_area="true" >
				<panel style="header.panel">
					<sprite style="header.icon" sprite="ui_game_symbol_cookware"/>
					<label style="header.name" text="TOOLS" text_key="xuiTools" />
				</panel>

				<rect name="content" depth="0" pos="0,-46" height="75" disablefallthrough="true" on_press="true">

					<grid name="inventory" rows="1" cols="1" pos="78,-3" cell_width="75" cell_height="75" controller="WorkstationToolGrid" repeat_content="true" allow_sort_order="false" required_tools="toolCookingGrill" required_tools_only="true">
						<required_item_stack name="0"/>
					</grid>

				</rect>
			</window>
				
			<window name="windowFuelCharcoal" width="228" height="166" panel="Right" cursor_area="true">
				<panel style="header.panel">
					<sprite style="header.icon" sprite="ui_game_symbol_fire"/>
					<label style="header.name" text="FUEL" text_key="xuiFuel" />
					<label style="header.timer"/>
				</panel>

				<rect name="content" depth="0" pos="0,-46" height="79" >
					<rect disablefallthrough="true" on_press="true">
						<grid rows="1" cols="3" pos="3,-3" cell_width="75" cell_height="75" controller="WorkstationFuelGrid" repeat_content="true" allow_sort_order="false">
							<item_stack name="0"/>
						</grid>
					</rect>
					<grid name="slot_preview" depth="1" rows="1" cols="3" pos="3,-3" cell_width="75" cell_height="75" controller="SlotPreview">
						<rect>
							<sprite name="slot" depth="2" width="70" height="50" sprite="resourceCoal" atlas="ItemIconAtlasGreyscale" pos="35,-30" pivot="center" foregroundlayer="true"/>
						</rect>
						<rect>
							<sprite name="slot" depth="2" width="70" height="50" sprite="resourceCoal" atlas="ItemIconAtlasGreyscale" pos="35,-30" pivot="center" foregroundlayer="true"/>
						</rect>
						<rect>
							<sprite name="slot" depth="2" width="70" height="50" sprite="resourceCoal" atlas="ItemIconAtlasGreyscale" pos="35,-30" pivot="center" foregroundlayer="true"/>
						</rect>
					</grid>
				</rect>

				<panel name="buttonContent" depth="5" pos="0, -121" height="40" backgroundcolor="[black]" bordercolor="[black]">
					<sprite depth="5" name="backgroundMain" sprite="menu_empty3px" color="[black]" type="sliced" fillcenter="false" />
					<rect depth="1" pos="3,-3" width="225" height="34">
						<button name="button" sprite="menu_empty" defaultcolor="[mediumGrey]" disabledcolor="[mediumGrey]" hoversprite="ui_game_select_row" hovercolor="[white]" type="sliced" width="222"  hoverscale="1.0" />
						<sprite depth="2" name="flameIcon" style="icon32px" pos="5,0" sprite="ui_game_symbol_fire" />
						<label depth="2" name="onoff" pos="0,-6" justify="center" text="TURN ON" text_key="xuiTurnOn" font_size="26" />
					</rect>
				</panel>
			</window>
			
		</append>
		

</configs>	