<configs>

	<append xpath="/items/item[@name='meleeToolRepairT0StoneAxe']/property[@class='Action1']/property[@name='Allowed_upgrade_items']/@value">,resourceRabbitKit_TRW</append>

	<append xpath="/items/item[@name='meleeToolRepairT1ClawHammer']/property[@class='Action1']/property[@name='Allowed_upgrade_items']/@value">,resourceRabbitKit_TRW</append>

	<append xpath="/items/item[@name='meleeToolRepairT3Nailgun']/property[@class='Action1']/property[@name='Allowed_upgrade_items']/@value">,resourceRabbitKit_TRW</append>
	
	<append xpath="/items">

		<item name="resourceRabbitKit_TRW">
			<property name="Extends" value="resourceCloth"/>
			<property name="CustomIcon" value="resourceRabbitKit"/>
			<property name="UnlockedBy" value="perkTheHuntsman"/>
			<property name="Stacknumber" value="10" />
			<property name="EconomicValue" value="30"/>
			<property name="DescriptionKey" value="resourceRabbitKitDesc"/>
			<property name="Group" value="Resources" />
		</item>

	
		<item name="deadMouse2_TRW">
			<property name="Extends" value="foodRawMeat"/>
			<property name="CustomIcon" value="deadMouse2"/>
			<property name="EconomicValue" value="2"/>
			<property name="DescriptionKey" value="deadMouse2Desc"/>
			<effect_group tiered="false" name="Food Tier 0">
				<triggered_effect trigger="onSelfPrimaryActionEnd" action="ModifyCVar" cvar="$foodAmountAdd" operation="add" value="2"/>
				<triggered_effect trigger="onSelfPrimaryActionEnd" action="ModifyStats" stat="Health" operation="add" value="-1"/><display_value name="foodHealthAmount" value="-1"/>
				<triggered_effect trigger="onSelfPrimaryActionEnd" action="ModifyCVar" cvar=".foodStaminaBonusAdd" operation="add" value="-1"/>
				<triggered_effect trigger="onSelfPrimaryActionEnd" action="AddBuff" buff="buffProcessConsumables"/>
				<triggered_effect trigger="onSelfPrimaryActionEnd" action="ModifyCVar" cvar=".DiseaseRoll" operation="set" value="12"/><display_value name="dDysenteryRisk" value=".12"/>
				<triggered_effect trigger="onSelfPrimaryActionEnd" action="ModifyCVar" cvar=".DiseaseRoll" operation="add" value="@$MetabolismResist"/>
				<triggered_effect trigger="onSelfPrimaryActionEnd" action="AddBuff" buff="buffDysenteryCatchFood">
					<requirement name="RandomRoll" seed_type="Random" min_max="1,100" operation="LTE" value="@.DiseaseRoll"/>
				</triggered_effect>
			</effect_group>
			<property name="CraftingIngredientTime" value="3"/>
		</item>
	
	
	</append>
	
</configs>