<configs>
	
	<append xpath="/lootcontainers">

		<lootgroup name="rabbitTrap" count="all">
			<item name="foodRawMeat" count="8,12"/>
			<item name="resourceLeather" count="1,3"/>
		</lootgroup>
		
		<lootcontainer id="900" name="groupRabbittrap" count="1" size="4,3" destroy_on_close="true" sound_open="UseActions/open_dumpster" sound_close="UseActions/close_dumpster" loot_quality_template="qualBaseTemplate">
			<item group="rabbitTrap" count="1" prob="0.7"/>
			<item name="deadMouse2_TRW" count="1" prob="0.3"/>
		</lootcontainer>
		
	</append>
	
</configs>