<configs>

	<append xpath="/recipes">

		<recipe name="resourceRabbitKit_TRW" count="1" craft_area="workbench" tags="learnable">
			<ingredient name="resourceWood" count="10"/>
			<ingredient name="resourceMechanicalParts" count="3"/>
			<ingredient name="resourceCloth" count="30"/>
			<ingredient name="resourceForgedIron" count="5"/>
			<!--<ingredient name="foodRabbit_TRW" count="1"/>-->
		</recipe>
		
		<recipe name="foodRawMeat" count="1">
			<ingredient name="deadMouse2_TRW" count="1"/>
		</recipe>
		
		
	</append>
	
</configs>