<configs>
	
	<append xpath="/recipes">
	
		<recipe name="coffeeMaker_TRW" count="1" craft_area="workbench" tags="workbenchCrafting">
			<ingredient name="resourceForgedIron" count="2"/>
			<ingredient name="resourceElectricParts" count="4"/>
		</recipe>
		
		<recipe name="coffeeMakerCommercial_TRW" count="1" craft_area="workbench" tags="workbenchCrafting">
			<ingredient name="resourceForgedIron" count="2"/>
			<ingredient name="resourceElectricParts" count="4"/>
		</recipe>
		
		<recipe name="drinkJarBoiledWater" count="1" craft_area="coffeeMaker" craft_time="40" tags="perkMasterChef,perkChefBoiledWater,boiledWater">
			<ingredient name="drinkJarRiverWater" count="1"/>
		</recipe>

		<recipe name="drinkJarCoffee" count="1" craft_area="coffeeMaker" tags="perkMasterChef,learnable">
			<ingredient name="drinkJarRiverWater" count="1"/>
			<ingredient name="resourceCropCoffeeBeans" count="1"/>
		</recipe>
		
		<recipe name="drinkJarGoldenRodTea" count="1" craft_area="coffeeMaker" tags="perkMasterChef,learnable">
			<ingredient name="drinkJarRiverWater" count="1"/>
			<ingredient name="resourceCropGoldenrodPlant" count="1"/>
		</recipe>
		
		<recipe name="drinkJarRedTea" count="1" craft_area="coffeeMaker" tags="perkMasterChef,learnable">
			<ingredient name="drinkJarRiverWater" count="1"/>
			<ingredient name="resourceCropChrysanthemumPlant" count="1"/>
		</recipe>

		<recipe name="drinkJarBlackStrapCoffee" count="1" craft_area="coffeeMaker" tags="perkMasterChef,learnable">
			<ingredient name="resourceCropCoffeeBeans" count="1"/>
			<ingredient name="drinkJarRiverWater" count="1"/>
			<ingredient name="resourceGunPowder" count="5"/>
			<effect_group>
				<passive_effect name="CraftingIngredientCount" level="4,5" operation="base_add" value="-1" tags="resourceGunPowder"/>
			</effect_group>
		</recipe>
		
	</append>
	
</configs>