<configs>
	
	<append xpath="/ui_display_info/crafting_category_display">

		<crafting_category_list display_type="coffeeMaker_TRW">
			<crafting_category name="CFDrink/Cooking" icon="ui_game_symbol_coffee" display_name="lblCategoryCoffee" />
		</crafting_category_list>
		
		<crafting_category_list display_type="coffeeMakerCommercial_TRW">
			<crafting_category name="CFDrink/Cooking" icon="ui_game_symbol_coffee" display_name="lblCategoryCoffee" />
		</crafting_category_list>
				
	</append>
	
</configs>	
