<configs>

	<append xpath="/blocks">

		<block name="winebarrelstation_TRW">
			<property name="Class" value="Campfire"/>
			<property name="DisplayType" value="defaultBlock"/>
			<property name="MaxDamage" value="100"/>
			<property name="StabilitySupport" value="true"/> <!-- build restriction -->
			<property name="DisplayInfo" value="Name"/>
			<property name="Material" value="Mwood_regular"/>
			<property name="Shape" value="ModelEntity"/>
			<property name="Path" value="solid"/>
			<property name="Model" value="Entities/Decor/wineBarrelPrefab"/> <property name="Place" value="TowardsPlacerInverted"/>
			<property name="CustomIcon" value="winebarrelstation"/>
			<property name="ImposterDontBlock" value="true"/>
			<property name="Collide" value="movement,melee,bullet,arrow,rocket"/>
			<property name="IsTerrainDecoration" value="true"/>
			<property name="ParticleName" value="campfire"/>
			<property name="ParticleOffset" value="0.5,0,0.5"/>
			<property name="Stacknumber" value="1"/>
			<property name="HeatMapStrength" value="1.5"/>
			<property name="HeatMapTime" value="1200"/>
			<property name="HeatMapFrequency" value="25"/>
			<!--<property name="ActiveRadiusEffects" value="buffCampfireAOE(3)"/>-->
			<property class="Workstation">
				<property name="Modules" value="tools,output,input"/>
				<property name="Collide" value="melee,bullet,arrow,rocket"/>
				<property name="CraftingAreaRecipes" value="winebarrelstation"/>
			</property>
			<property name="WorkstationWindow" value="workstation_winebarrelstation" />
			<property name="WorkstationIcon" value="ui_game_symbol_Winebarrel" />
			<property name="CraftActionName" value="lblContextActionCook" />
			<property name="CraftIcon" value="ui_game_symbol_spatula" />
			<property name="OpenSound" value="campfire_open" />
			<property name="CloseSound" value="campfire_close" />
			<property name="CraftSound" value="campfire_cook_click" />
			<property name="CraftCompleteSound" value="campfire_complete_item" />
			<property name="WorkstationJournalTip" value="campfireTip" />
			<property name="CreativeMode" value="Player"/>
			<property class="RepairItems"> <property name="resourceWood" value="11"/> </property>
			<drop event="Harvest" name="resourceWood" count="12" tag="allHarvest"/>
			<drop event="Destroy" count="0"/>
			<drop event="Fall" name="terrDestroyedWoodDebris" count="1" prob="0.75" stick_chance="1"/>
			<property name="Group" value="Food/Cooking,Basics,Building"/>
			<property name="DescriptionKey" value="winebarrelstationDesc"/>
			<property name="FilterTags" value="ffurniture,fdesign"/>
		</block>

		<block name="wineBarrelSetstation_TRW">
			<property name="Extends" value="winebarrelstation_TRW"/>
			<property name="CustomIcon" value="wineBarrelSetstation"/>
			<property name="StabilitySupport" value="true"/> <!-- build restriction -->
			<property name="IsTerrainDecoration" value="false"/>
			<property name="Model" value="Entities/Decor/wineBarrelSetPrefab"/>
			<property name="DisplayType" value="blockMulti" />
			<property name="MultiBlockDim" value="2,2,1"/>
		</block>

		<block name="cntwineBarrelPlain_TRW">
			<property name="CreativeMode" value="Player"/>
			<property name="CustomIcon" value="cntwineBarrelPlain"/>
			<property name="DisplayType" value="defaultBlock"/>
			<property name="StabilitySupport" value="true"/> <!-- build restriction -->
			<property name="Shape" value="ModelEntity"/>
			<property name="Path" value="solid"/>
			<property name="Model" value="Entities/Decor/BarrelPrefab"/>
			<property name="DescriptionKey" value="cntwineBarrelPlainDesc"/>
			<property name="Stacknumber" value="1"/>
			<property name="Class" value="Loot"/>
			<property name="LootList" value="playerStorage"/>
			<property name="Material" value="Mwood_regular"/>
			<property class="RepairItems"> <property name="resourceWood" value="10"/> </property>
			<drop event="Destroy" count="0"/>
			<property name="Group" value="Building"/>
			<property name="EconomicValue" value="6"/>
			<property name="FilterTags" value="floot,ffurniture,fdesign"/>
		</block>

	</append>
	
</configs>