<configs>

	<append xpath="/buffs">

		<buff name="buffBeerYucca" name_key="drinkBeerYucca" description_key="buffBeerYuccaDesc" icon="ui_game_symbol_cold" icon_color="0,255,255" tags="drug">
			<stack_type value="replace"/>
			<duration value="45"/>
			<effect_group>
				<passive_effect name="HyperthermalResist" operation="base_add" value="30"/>
			</effect_group>
		</buff>
		
		<buff name="buffBeerSnowberrie" name_key="drinkBeerSnowberrie" description_key="buffBeerSnowberrieDesc" icon="ui_game_symbol_hot" icon_color="255,213,0" tags="drug">
			<stack_type value="replace"/>
			<duration value="45"/>
			<effect_group>
				<passive_effect name="HypothermalResist" operation="base_add" value="30"/>
			</effect_group>
		</buff>
		
	</append>
	
</configs>