<configs>
	
	<append xpath="/ui_display_info/item_display">
	
		<item_display_info display_type="waterFlavoredGoldenBeer" display_group="groupConsumables">
			<display_entry name="dStaminaRegen" title_key="statStaminaRegen" display_type="Percent" display_leading_plus="true"/>
			<display_entry name="dEntityDamageBrawling" title_key="statEntityDamageBrawling" display_type="Percent" display_leading_plus="true"/>
			<display_entry name="dStunResist" title_key="statStunResist" display_type="Percent" display_leading_plus="true"/>
			<display_entry name="dCureDysentery" title_key="statCureDysentery" display_type="Percent"/>
			<display_entry name="dDuration" title_key="statDuration" display_type="Time"/>
		</item_display_info>
		
		<item_display_info display_type="waterFlavoredRedBeer" display_group="groupConsumables">
			<display_entry name="dStaminaRegen" title_key="statStaminaRegen" display_type="Percent" display_leading_plus="true"/>
			<display_entry name="dEntityDamageBrawling" title_key="statEntityDamageBrawling" display_type="Percent" display_leading_plus="true"/>
			<display_entry name="dStunResist" title_key="statStunResist" display_type="Percent" display_leading_plus="true"/>
			<display_entry name="dEfficientDigestion" title_key="statEfficientDigestion" display_type="Percent" display_leading_plus="true"/>
			<display_entry name="dDuration" title_key="statDuration" display_type="Time"/>
		</item_display_info>
		
		<item_display_info display_type="waterFlavoredHoneyBeer" display_group="groupConsumables">
			<display_entry name="dStaminaRegen" title_key="statStaminaRegen" display_type="Percent" display_leading_plus="true"/>
			<display_entry name="dEntityDamageBrawling" title_key="statEntityDamageBrawling" display_type="Percent" display_leading_plus="true"/>
			<display_entry name="dStunResist" title_key="statStunResist" display_type="Percent" display_leading_plus="true"/>
			<display_entry name="dCureInfection" title_key="statCureInfection" display_type="Percent"/>
			<display_entry name="dDuration" title_key="statDuration" display_type="Time"/>
		</item_display_info>
		
		<item_display_info display_type="waterFlavoredYuccaBeer" display_group="groupConsumables">
			<display_entry name="dStaminaRegen" title_key="statStaminaRegen" display_type="Percent" display_leading_plus="true"/>
			<display_entry name="dEntityDamageBrawling" title_key="statEntityDamageBrawling" display_type="Percent" display_leading_plus="true"/>
			<display_entry name="dStunResist" title_key="statStunResist" display_type="Percent" display_leading_plus="true"/>
			<display_entry name="dHyperthermalResist" title_key="statHyperthermalResist" display_leading_plus="true"/>
			<display_entry name="dDuration" title_key="statDuration" display_type="Time"/>
		</item_display_info>	
		
		<item_display_info display_type="waterFlavoredBlueBeer" display_group="groupConsumables">
			<display_entry name="dStaminaRegen" title_key="statStaminaRegen" display_type="Percent" display_leading_plus="true"/>
			<display_entry name="dEntityDamageBrawling" title_key="statEntityDamageBrawling" display_type="Percent" display_leading_plus="true"/>
			<display_entry name="dStunResist" title_key="statStunResist" display_type="Percent" display_leading_plus="true"/>
			<display_entry name="dHypothermalResist" title_key="statHypothermalResist" display_leading_plus="true"/>
			<display_entry name="dDuration" title_key="statDuration" display_type="Time"/>
		</item_display_info>	
		
		<item_display_info display_type="waterFlavoredBloodyMaryBeer" display_group="groupConsumables">
			<display_entry name="dStaminaRegen" title_key="statStaminaRegen" display_type="Percent" display_leading_plus="true"/>
			<display_entry name="dEntityDamageBrawling" title_key="statEntityDamageBrawling" display_type="Percent" display_leading_plus="true"/>
			<display_entry name="dStunResist" title_key="statStunResist" display_type="Percent" display_leading_plus="true"/>
			<display_entry name="maxHealthAmount" title_key="statMaxHealthAmount"/>
			<display_entry name="medicalHealthAmount" title_key="statHealthAmount"/>
			<display_entry name="dDuration" title_key="statDuration" display_type="Time"/>
		</item_display_info>		
		
	</append>
	

	<append xpath="/ui_display_info/crafting_category_display">
		
		<crafting_category_list display_type="winebarrelstation_TRW">
			<crafting_category name="Beer" icon="ui_game_symbol_beer" display_name="lblCategoryBeer" />
		</crafting_category_list>
	
		<crafting_category_list display_type="wineBarrelSetstation_TRW">
			<crafting_category name="Beer" icon="ui_game_symbol_beer" display_name="lblCategoryBeer" />
		</crafting_category_list>
		
	</append>
	
</configs>	
