<configs>

	<append xpath="/blocks">
		
		<block name="charcoalgrill_TRW">
			<property name="Extends" value="cntCharcoalGrillOpen"/>
			<property name="DisplayType" value="defaultBlock"/>
			<!--<property name="DisplayInfo" value="Name"/>-->
			<property name="CustomIcon" value="charcoalgrill"/>
			<property name="MaxDamage" value="100"/>
			<property name="Collide" value="movement,melee,bullet,arrow,rocket"/>
			<!--<property name="ParticleName" value="campfire"/>
			<property name="ParticleOffset" value="0.5,0.8,0.5"/>-->
			<property name="Stacknumber" value="1"/>
			<property name="HeatMapStrength" value="1.5"/>
			<property name="HeatMapTime" value="1200"/>
			<property name="HeatMapFrequency" value="25"/>
			<property name="ActiveRadiusEffects" value="buffCampfireAOE(3)"/>

			<property name="Class" value="Campfire"/>
			<property class="Workstation">
				<property name="Modules" value="tools,output,fuel,input"/>
				<property name="Collide" value="melee,bullet,arrow,rocket"/>
				<property name="CraftingAreaRecipes" value="charcoalgrill"/>
			</property>
			<property name="WorkstationWindow" value="workstation_charcoalgrill" />
			<property name="CraftIcon" value="ui_game_symbol_spatula" />
			<property name="WorkstationIcon" value="ui_game_symbol_Grill" />
			<property name="CraftActionName" value="lblContextActionCook" />
			<property name="CraftIcon" value="ui_game_symbol_spatula" />
			<property name="OpenSound" value="campfire_open" />
			<property name="CloseSound" value="campfire_close" />
			<property name="CraftSound" value="campfire_cook_click" />
			<property name="CraftCompleteSound" value="campfire_complete_item" />
			<property name="Group" value="Basics,Food/Cooking,Building,advBuilding"/>
			<property name="WorkstationJournalTip" value="campfireTip" />
			<property class="RepairItems"> <property name="resourceForgedIron" value="2"/> <property name="resourceMechanicalParts" value="1"/> </property>
			<drop event="Harvest" name="terrStone" count="0" tool_category="Disassemble"/>
			<drop event="Harvest" name="resourceMechanicalParts" count="0,1" tag="salvageHarvest"/>
			<drop event="Destroy" name="resourceScrapIron" count="1,10"/>
			<drop event="Fall" name="scrapMetalPile" count="1" prob="0.75" stick_chance="1"/>
			<property name="DescriptionKey" value="grillDesc"/>
			<property name="FilterTags" value="ffurniture,fdesign"/>
		</block>

		<block name="electricgrill_TRW">
			<property name="Extends" value="charcoalgrill_TRW"/>
			<property name="DisplayType" value="blockElectrical"/>
			<property name="DisplayInfo" value="Name"/>
			<property name="CustomIcon" value="electricgrill"/>
			<property name="UnlockedBy" value="perkAdvancedEngineering"/>
			<property name="Material" value="Mmetal"/>
			<property name="Shape" value="ModelEntity"/>
			<property name="Model" value="#Entities/LootContainers?GasGrill_EmptyPrefab.prefab"/>
			<property class="Workstation">
				<property name="Modules" value="tools,output,input"/>
				<property name="Collide" value="melee,bullet,arrow,rocket"/>
				<property name="CraftingAreaRecipes" value="charcoalgrill"/>
			</property>
			<property name="WorkstationWindow" value="workstation_electricgrill" />
			<property name="Place" value="TowardsPlacerInverted"/>
			<property name="ImposterExchange" value="imposterBlock" param1="144"/>
			<property name="Path" value="solid"/>
			<property name="IsTerrainDecoration" value="true"/>
			<property class="RepairItems"> <property name="resourceForgedIron" value="2"/> <property name="resourceMechanicalParts" value="1"/> </property>
			<drop event="Harvest" name="terrStone" count="0" tool_category="Disassemble"/>
			<drop event="Harvest" name="resourceMechanicalParts" count="0,1" tag="salvageHarvest"/>
			<drop event="Destroy" name="resourceScrapIron" count="1,15"/>
			<drop event="Fall" name="scrapMetalPile" count="1" prob="0.75" stick_chance="1"/>
			<property name="FilterTags" value="ffurniture,fdesign"/>
			<property name="DescriptionKey" value="grillDesc"/>
		</block>

	</append>
	
</configs>