<configs>

	<append xpath="/items">

		<item name="foodSausage_TRW">
			<property name="Extends" value="foodGrilledMeat"/>
			<property name="CustomIcon" value="foodSausage"/>
			<property name="DescriptionKey" value="foodSausageDesc"/>
			<property name="UnlockedBy" value="perkMasterChef,cookBook_TRW"/>
			<effect_group tiered="false">
				<triggered_effect trigger="onSelfPrimaryActionEnd" action="ModifyCVar" cvar="$foodAmountAdd" operation="add" value="10"/>
				<triggered_effect trigger="onSelfPrimaryActionEnd" action="ModifyCVar" cvar="foodHealthAmount" operation="add" value="5"/>
				<triggered_effect trigger="onSelfPrimaryActionEnd" action="AddBuff" buff="buffProcessConsumables"/>
			</effect_group>
		</item>
	
		<item name="foodKebab_TRW">
			<property name="Tags" value="food"/>
			<property name="CustomIcon" value="foodKebab"/>
			<property name="DescriptionKey" value="foodKebabDesc"/>
			<property name="HoldType" value="31"/>
			<property name="DisplayType" value="food"/>
			<property name="Meshfile" value="#Other/Items?Misc/parcelPrefab.prefab"/>
			<property name="DropMeshfile" value="#Other/Items?Misc/sack_droppedPrefab.prefab"/>
			<property name="Material" value="Morganic"/>
			<property name="Stacknumber" value="10"/> <!-- STK food -->
			<property name="EconomicValue" value="24"/>
			<!--<property name="UnlockedBy" value="perkMasterChef,foodGrilledMeatSchematic"/>-->
			<property class="Action0">
				<property name="Class" value="Eat"/>
				<property name="Delay" value="2.1"/>
				<property name="Use_time" value="..."/>
				<property name="Sound_start" value="player_eating"/>
			</property>
			<property name="Group" value="Food/Cooking,CFFood/Cooking"/>

			<effect_group tiered="false" name="Food Tier 1">
				<triggered_effect trigger="onSelfPrimaryActionEnd" action="ModifyCVar" cvar="$foodAmountAdd" operation="add" value="10"/>
				<triggered_effect trigger="onSelfPrimaryActionEnd" action="ModifyCVar" cvar="foodHealthAmount" operation="add" value="5"/>
				<triggered_effect trigger="onSelfPrimaryActionEnd" action="ModifyCVar" cvar=".foodStaminaBonusAdd" operation="add" value="10"/>
				<triggered_effect trigger="onSelfPrimaryActionEnd" action="AddBuff" buff="buffProcessConsumables"/>
			</effect_group>
		</item>

	</append>
	
</configs>