<configs>
	
	<append xpath="/ui_display_info/crafting_category_display">

		<crafting_category_list display_type="charcoalgrill_TRW">
			<crafting_category name="Food/Cooking" icon="ui_game_symbol_Grill" display_name="lblCategoryGrill" />
		</crafting_category_list>
		
		<crafting_category_list display_type="electricgrill_TRW">
			<crafting_category name="Food/Cooking" icon="ui_game_symbol_Grill" display_name="lblCategoryGrill" />
		</crafting_category_list>
		
	</append>
	
</configs>	
