<configs>
		
	<append xpath="/items">
		
		<item name="beeKeeping_TRW">
			<property name="Extends" value="schematicNoQualityMaster"/>
			<property name="CreativeMode" value="Player"/>
			<property name="CustomIcon" value="beeKeeping"/>
			<property name="DescriptionKey" value="beeKeepingDesc"/>
			<property name="UnlockedBy" value="beeKeeping_TRW"/>
			<property name="Unlocks" value="stationHive_TRW,beeKeeping_TRW"/>
			<effect_group tiered="false">
				<triggered_effect trigger="onSelfPrimaryActionEnd" action="ModifyCVar" cvar="stationHive_TRW" operation="set" value="1"/>
				<triggered_effect trigger="onSelfPrimaryActionEnd" action="ModifyCVar" cvar="beeKeeping_TRW" operation="set" value="1"/>
				<triggered_effect trigger="onSelfPrimaryActionEnd" action="GiveExp" exp="50"/>
			</effect_group>
			<property name="Group" value="Books,DeskMag"/>
		</item>

		<item name="queenBee_TRW">
			<property name="CustomIcon" value="queenBee"/>
			<property name="HoldType" value="45"/>
			<property name="Meshfile" value="#Other/Items?Misc/sackPrefab.prefab"/>
			<property name="DropMeshfile" value="#Other/Items?Misc/sack_droppedPrefab.prefab"/>
			<property name="Material" value="Morganic" />
			<property name="Weight" value="5"/>
			<property name="SellableToTrader" value="false"/>
			<property name="EconomicValue" value="85"/>
			<property name="EconomicBundleSize" value="1"/>
			<property name="Stacknumber" value="10" />
			<property name="DescriptionKey" value="queenBeeDesc"/>
			<property name="Group" value="Resources" />
		</item>
		
		<item name="foodRoyalJelly_TRW">
			<property name="Tags" value="medical"/>
			<property name="HoldType" value="31"/>
			<property name="CreativeMode" value="Player"/>
			<property name="CustomIcon" value="foodRoyalJelly"/>
			<property name="DescriptionKey" value="foodRoyalJellyDesc"/>
			<property name="DisplayType" value="foodCureInfection"/>
			<property name="Meshfile" value="#Other/Items?Misc/parcelPrefab.prefab"/>
			<property name="DropMeshfile" value="#Other/Items?Misc/sack_droppedPrefab.prefab"/>
			<property name="Material" value="Morganic"/>
			<property name="EconomicValue" value="180"/>
			<property name="Stacknumber" value="10"/> <!-- STK food -->
			<property name="Group" value="Science,CFChemicals,Medical"/>
			<property class="Action0">
				<property name="Class" value="Eat"/>
				<property name="Delay" value="1.0"/>
				<property name="Use_time" value="..."/>
				<property name="Sound_start" value="player_drinking"/>
				<property name="Create_item" value="drinkJarEmpty"/>
			</property>
			<effect_group tiered="false" name="Food Tier 0">
				<triggered_effect trigger="onSelfPrimaryActionEnd" action="ModifyCVar" cvar="$foodAmountAdd" operation="add" value="10"/>
				<triggered_effect trigger="onSelfPrimaryActionEnd" action="ModifyCVar" cvar="foodHealthAmount" operation="add" value="10"/>
				<triggered_effect trigger="onSelfPrimaryActionEnd" action="AddBuff" buff="buffProcessConsumables"/>

				<display_value name="dCureInfection" value=".15"/>
				<triggered_effect trigger="onSelfPrimaryActionEnd" action="ModifyCVar" cvar="$buffInfectionAddCurePerc" operation="add" value="15"/>
				<triggered_effect trigger="onSelfPrimaryActionEnd" action="AddBuff" buff="buffInfectionAddCure"/>
			</effect_group>
		</item>

	</append>
	
</configs>