<configs>
	
	<append xpath="/recipes">
		
		<!-- Hive Mod -->
		<recipe name="stationHive_TRW" count="1" craft_area="workbench" tags="learnable">
			<ingredient name="resourceWood" count="100"/>
			<ingredient name="resourceNail" count="10"/>
			<ingredient name="queenBee_TRW" count="1"/>
		</recipe>

		<recipe name="foodHoney" count="1" craft_area="stationHive" craft_time = "3600">
			<ingredient name="resourceCropChrysanthemumPlant" count="100"/>	
		</recipe>

		<recipe name="foodHoney" count="1" craft_area="stationHive" craft_time = "3600">
			<ingredient name="resourceCropGoldenrodPlant" count="100"/>	
		</recipe>
		
		<recipe name="foodRoyalJelly_TRW" count="1" craft_area="stationHive" craft_time = "4600">
			<ingredient name="resourceCropChrysanthemumPlant" count="100"/>
			<ingredient name="queenBee_TRW" count="1"/>	
		</recipe>

		<recipe name="foodRoyalJelly_TRW" count="1" craft_area="stationHive" craft_time = "4600">
			<ingredient name="resourceCropGoldenrodPlant" count="100"/>	
			<ingredient name="queenBee_TRW" count="1"/>
		</recipe>

	</append>
	
</configs>